,id,it_category,it_maker,it_group,it_model,it_original_price,it_star,it_spec,it_color,it_storage,it_class,it_count,it_count_index,it_count_value
0,1,스마트폰,lg,lg,LG-F370,0,0,,블랙,4,S,0,,
1,2,스마트폰,lg,lg,LG-F370,0,0,,블랙,4,A,0,,
2,3,스마트폰,lg,lg,LG-F370,0,0,,블랙,4,B,0,,
3,4,스마트폰,lg,lg,LG-F370,0,0,,블랙,4,N,0,,
4,5,스마트폰,lg,lg,LG-F370,0,0,,화이트,4,S,0,,
5,6,스마트폰,lg,lg,LG-F370,0,0,,화이트,4,A,0,,
6,7,스마트폰,lg,lg,LG-F370,0,0,,화이트,4,B,0,,
7,8,스마트폰,lg,lg,LG-F370,0,0,,화이트,4,N,0,,
8,9,스마트폰,lg,lg,LG-F370,0,0,,N,4,S,0,,
9,10,스마트폰,lg,lg,LG-F370,0,0,,N,4,A,0,,
10,11,스마트폰,lg,lg,LG-F370,0,0,,N,4,B,0,,
11,12,스마트폰,lg,lg,LG-F370,0,0,,N,4,N,0,,
12,13,스마트폰,lg,lg,LG-F370,0,0,,블랙,8,S,0,,
13,14,스마트폰,lg,lg,LG-F370,0,0,,블랙,8,A,0,,
14,15,스마트폰,lg,lg,LG-F370,0,0,,블랙,8,B,0,,
15,16,스마트폰,lg,lg,LG-F370,0,0,,블랙,8,N,0,,
16,17,스마트폰,lg,lg,LG-F370,0,0,,화이트,8,S,0,,
17,18,스마트폰,lg,lg,LG-F370,0,0,,화이트,8,A,0,,
18,19,스마트폰,lg,lg,LG-F370,0,0,,화이트,8,B,0,,
19,20,스마트폰,lg,lg,LG-F370,0,0,,화이트,8,N,0,,
20,21,스마트폰,lg,lg,LG-F370,0,0,,N,8,S,0,,
21,22,스마트폰,lg,lg,LG-F370,0,0,,N,8,A,0,,
22,23,스마트폰,lg,lg,LG-F370,0,0,,N,8,B,0,,
23,24,스마트폰,lg,lg,LG-F370,0,0,,N,8,N,0,,
24,25,스마트폰,lg,lg,LG-F370,0,0,,블랙,N,S,0,,
25,26,스마트폰,lg,lg,LG-F370,0,0,,블랙,N,A,0,,
26,27,스마트폰,lg,lg,LG-F370,0,0,,블랙,N,B,0,,
27,28,스마트폰,lg,lg,LG-F370,0,0,,블랙,N,N,0,,
28,29,스마트폰,lg,lg,LG-F370,0,0,,화이트,N,S,0,,
29,30,스마트폰,lg,lg,LG-F370,0,0,,화이트,N,A,0,,
30,31,스마트폰,lg,lg,LG-F370,0,0,,화이트,N,B,0,,
31,32,스마트폰,lg,lg,LG-F370,0,0,,화이트,N,N,0,,
32,33,스마트폰,lg,lg,LG-F370,0,0,,N,N,S,0,,
33,34,스마트폰,lg,lg,LG-F370,0,0,,N,N,A,0,,
34,35,스마트폰,lg,lg,LG-F370,0,0,,N,N,B,0,,
35,36,스마트폰,lg,lg,LG-F370,0,0,,N,N,N,0,,
36,37,스마트폰,lg,g_series,LG-F340,0,0,,티탄 실버,32,S,0,,
37,38,스마트폰,lg,g_series,LG-F340,0,0,,티탄 실버,32,A,0,,
38,39,스마트폰,lg,g_series,LG-F340,0,0,,티탄 실버,32,B,0,,
39,40,스마트폰,lg,g_series,LG-F340,0,0,,티탄 실버,32,N,0,,
40,41,스마트폰,lg,g_series,LG-F340,0,0,,N,32,S,0,,
41,42,스마트폰,lg,g_series,LG-F340,0,0,,N,32,A,0,,
42,43,스마트폰,lg,g_series,LG-F340,0,0,,N,32,B,0,,
43,44,스마트폰,lg,g_series,LG-F340,0,0,,N,32,N,0,,
44,45,스마트폰,lg,g_series,LG-F340,0,0,,티탄 실버,N,S,0,,
45,46,스마트폰,lg,g_series,LG-F340,0,0,,티탄 실버,N,A,0,,
46,47,스마트폰,lg,g_series,LG-F340,0,0,,티탄 실버,N,B,0,,
47,48,스마트폰,lg,g_series,LG-F340,0,0,,티탄 실버,N,N,0,,
48,49,스마트폰,lg,g_series,LG-F340,0,0,,N,N,S,4,coupang,4
49,50,스마트폰,lg,g_series,LG-F340,0,0,,N,N,A,5,coupang,5
50,51,스마트폰,lg,g_series,LG-F340,0,0,,N,N,B,8,bunjang|coupang,3|5
51,52,스마트폰,lg,g_series,LG-F340,0,0,,N,N,N,0,,
52,53,스마트폰,lg,g_series,LG-F510,0,0,,플래티넘 실버,16,S,0,,
53,54,스마트폰,lg,g_series,LG-F510,0,0,,플래티넘 실버,16,A,0,,
54,55,스마트폰,lg,g_series,LG-F510,0,0,,플래티넘 실버,16,B,0,,
55,56,스마트폰,lg,g_series,LG-F510,0,0,,플래티넘 실버,16,N,0,,
56,57,스마트폰,lg,g_series,LG-F510,0,0,,플라멩코 레드,16,S,0,,
57,58,스마트폰,lg,g_series,LG-F510,0,0,,플라멩코 레드,16,A,0,,
58,59,스마트폰,lg,g_series,LG-F510,0,0,,플라멩코 레드,16,B,0,,
59,60,스마트폰,lg,g_series,LG-F510,0,0,,플라멩코 레드,16,N,0,,
60,61,스마트폰,lg,g_series,LG-F510,0,0,,N,16,S,0,,
61,62,스마트폰,lg,g_series,LG-F510,0,0,,N,16,A,0,,
62,63,스마트폰,lg,g_series,LG-F510,0,0,,N,16,B,0,,
63,64,스마트폰,lg,g_series,LG-F510,0,0,,N,16,N,0,,
64,65,스마트폰,lg,g_series,LG-F510,0,0,,플래티넘 실버,32,S,0,,
65,66,스마트폰,lg,g_series,LG-F510,0,0,,플래티넘 실버,32,A,0,,
66,67,스마트폰,lg,g_series,LG-F510,0,0,,플래티넘 실버,32,B,0,,
67,68,스마트폰,lg,g_series,LG-F510,0,0,,플래티넘 실버,32,N,0,,
68,69,스마트폰,lg,g_series,LG-F510,0,0,,플라멩코 레드,32,S,0,,
69,70,스마트폰,lg,g_series,LG-F510,0,0,,플라멩코 레드,32,A,0,,
70,71,스마트폰,lg,g_series,LG-F510,0,0,,플라멩코 레드,32,B,0,,
71,72,스마트폰,lg,g_series,LG-F510,0,0,,플라멩코 레드,32,N,0,,
72,73,스마트폰,lg,g_series,LG-F510,0,0,,N,32,S,0,,
73,74,스마트폰,lg,g_series,LG-F510,0,0,,N,32,A,0,,
74,75,스마트폰,lg,g_series,LG-F510,0,0,,N,32,B,0,,
75,76,스마트폰,lg,g_series,LG-F510,0,0,,N,32,N,0,,
76,77,스마트폰,lg,g_series,LG-F510,0,0,,플래티넘 실버,64,S,0,,
77,78,스마트폰,lg,g_series,LG-F510,0,0,,플래티넘 실버,64,A,0,,
78,79,스마트폰,lg,g_series,LG-F510,0,0,,플래티넘 실버,64,B,0,,
79,80,스마트폰,lg,g_series,LG-F510,0,0,,플래티넘 실버,64,N,0,,
80,81,스마트폰,lg,g_series,LG-F510,0,0,,플라멩코 레드,64,S,0,,
81,82,스마트폰,lg,g_series,LG-F510,0,0,,플라멩코 레드,64,A,0,,
82,83,스마트폰,lg,g_series,LG-F510,0,0,,플라멩코 레드,64,B,0,,
83,84,스마트폰,lg,g_series,LG-F510,0,0,,플라멩코 레드,64,N,0,,
84,85,스마트폰,lg,g_series,LG-F510,0,0,,N,64,S,0,,
85,86,스마트폰,lg,g_series,LG-F510,0,0,,N,64,A,0,,
86,87,스마트폰,lg,g_series,LG-F510,0,0,,N,64,B,0,,
87,88,스마트폰,lg,g_series,LG-F510,0,0,,N,64,N,0,,
88,89,스마트폰,lg,g_series,LG-F510,0,0,,플래티넘 실버,N,S,0,,
89,90,스마트폰,lg,g_series,LG-F510,0,0,,플래티넘 실버,N,A,0,,
90,91,스마트폰,lg,g_series,LG-F510,0,0,,플래티넘 실버,N,B,0,,
91,92,스마트폰,lg,g_series,LG-F510,0,0,,플래티넘 실버,N,N,0,,
92,93,스마트폰,lg,g_series,LG-F510,0,0,,플라멩코 레드,N,S,0,,
93,94,스마트폰,lg,g_series,LG-F510,0,0,,플라멩코 레드,N,A,0,,
94,95,스마트폰,lg,g_series,LG-F510,0,0,,플라멩코 레드,N,B,0,,
95,96,스마트폰,lg,g_series,LG-F510,0,0,,플라멩코 레드,N,N,0,,
96,97,스마트폰,lg,g_series,LG-F510,0,0,,N,N,S,2,coupang,2
97,98,스마트폰,lg,g_series,LG-F510,0,0,,N,N,A,2,coupang,2
98,99,스마트폰,lg,g_series,LG-F510,0,0,,N,N,B,2,coupang,2
99,100,스마트폰,lg,g_series,LG-F510,0,0,,N,N,N,0,,
100,101,스마트폰,lg,g_series,LG-F350,0,0,,티탄,32,S,0,,
101,102,스마트폰,lg,g_series,LG-F350,0,0,,티탄,32,A,0,,
102,103,스마트폰,lg,g_series,LG-F350,0,0,,티탄,32,B,0,,
103,104,스마트폰,lg,g_series,LG-F350,0,0,,티탄,32,N,0,,
104,105,스마트폰,lg,g_series,LG-F350,0,0,,화이트,32,S,0,,
105,106,스마트폰,lg,g_series,LG-F350,0,0,,화이트,32,A,0,,
106,107,스마트폰,lg,g_series,LG-F350,0,0,,화이트,32,B,0,,
107,108,스마트폰,lg,g_series,LG-F350,0,0,,화이트,32,N,0,,
108,109,스마트폰,lg,g_series,LG-F350,0,0,,실버,32,S,0,,
109,110,스마트폰,lg,g_series,LG-F350,0,0,,실버,32,A,0,,
110,111,스마트폰,lg,g_series,LG-F350,0,0,,실버,32,B,0,,
111,112,스마트폰,lg,g_series,LG-F350,0,0,,실버,32,N,0,,
112,113,스마트폰,lg,g_series,LG-F350,0,0,,N,32,S,0,,
113,114,스마트폰,lg,g_series,LG-F350,0,0,,N,32,A,0,,
114,115,스마트폰,lg,g_series,LG-F350,0,0,,N,32,B,0,,
115,116,스마트폰,lg,g_series,LG-F350,0,0,,N,32,N,0,,
116,117,스마트폰,lg,g_series,LG-F350,0,0,,티탄,N,S,0,,
117,118,스마트폰,lg,g_series,LG-F350,0,0,,티탄,N,A,0,,
118,119,스마트폰,lg,g_series,LG-F350,0,0,,티탄,N,B,0,,
119,120,스마트폰,lg,g_series,LG-F350,0,0,,티탄,N,N,0,,
120,121,스마트폰,lg,g_series,LG-F350,0,0,,화이트,N,S,0,,
121,122,스마트폰,lg,g_series,LG-F350,0,0,,화이트,N,A,0,,
122,123,스마트폰,lg,g_series,LG-F350,0,0,,화이트,N,B,0,,
123,124,스마트폰,lg,g_series,LG-F350,0,0,,화이트,N,N,0,,
124,125,스마트폰,lg,g_series,LG-F350,0,0,,실버,N,S,0,,
125,126,스마트폰,lg,g_series,LG-F350,0,0,,실버,N,A,0,,
126,127,스마트폰,lg,g_series,LG-F350,0,0,,실버,N,B,0,,
127,128,스마트폰,lg,g_series,LG-F350,0,0,,실버,N,N,0,,
128,129,스마트폰,lg,g_series,LG-F350,0,0,,N,N,S,2,coupang,2
129,130,스마트폰,lg,g_series,LG-F350,0,0,,N,N,A,2,coupang,2
130,131,스마트폰,lg,g_series,LG-F350,0,0,,N,N,B,2,coupang,2
131,132,스마트폰,lg,g_series,LG-F350,0,0,,N,N,N,0,,
132,133,스마트폰,lg,lg,LG-F560,0,0,,티탄,8,S,0,,
133,134,스마트폰,lg,lg,LG-F560,0,0,,티탄,8,A,0,,
134,135,스마트폰,lg,lg,LG-F560,0,0,,티탄,8,B,0,,
135,136,스마트폰,lg,lg,LG-F560,0,0,,티탄,8,N,0,,
136,137,스마트폰,lg,lg,LG-F560,0,0,,화이트,8,S,0,,
137,138,스마트폰,lg,lg,LG-F560,0,0,,화이트,8,A,0,,
138,139,스마트폰,lg,lg,LG-F560,0,0,,화이트,8,B,0,,
139,140,스마트폰,lg,lg,LG-F560,0,0,,화이트,8,N,0,,
140,141,스마트폰,lg,lg,LG-F560,0,0,,N,8,S,0,,
141,142,스마트폰,lg,lg,LG-F560,0,0,,N,8,A,0,,
142,143,스마트폰,lg,lg,LG-F560,0,0,,N,8,B,0,,
143,144,스마트폰,lg,lg,LG-F560,0,0,,N,8,N,0,,
144,145,스마트폰,lg,lg,LG-F560,0,0,,티탄,N,S,0,,
145,146,스마트폰,lg,lg,LG-F560,0,0,,티탄,N,A,0,,
146,147,스마트폰,lg,lg,LG-F560,0,0,,티탄,N,B,0,,
147,148,스마트폰,lg,lg,LG-F560,0,0,,티탄,N,N,0,,
148,149,스마트폰,lg,lg,LG-F560,0,0,,화이트,N,S,0,,
149,150,스마트폰,lg,lg,LG-F560,0,0,,화이트,N,A,0,,
150,151,스마트폰,lg,lg,LG-F560,0,0,,화이트,N,B,0,,
151,152,스마트폰,lg,lg,LG-F560,0,0,,화이트,N,N,0,,
152,153,스마트폰,lg,lg,LG-F560,0,0,,N,N,S,0,,
153,154,스마트폰,lg,lg,LG-F560,0,0,,N,N,A,0,,
154,155,스마트폰,lg,lg,LG-F560,0,0,,N,N,B,0,,
155,156,스마트폰,lg,lg,LG-F560,0,0,,N,N,N,0,,
156,157,스마트폰,lg,g_series,LG-F320,0,0,,블랙,32,S,0,,
157,158,스마트폰,lg,g_series,LG-F320,0,0,,블랙,32,A,0,,
158,159,스마트폰,lg,g_series,LG-F320,0,0,,블랙,32,B,0,,
159,160,스마트폰,lg,g_series,LG-F320,0,0,,블랙,32,N,0,,
160,161,스마트폰,lg,g_series,LG-F320,0,0,,화이트,32,S,0,,
161,162,스마트폰,lg,g_series,LG-F320,0,0,,화이트,32,A,0,,
162,163,스마트폰,lg,g_series,LG-F320,0,0,,화이트,32,B,0,,
163,164,스마트폰,lg,g_series,LG-F320,0,0,,화이트,32,N,0,,
164,165,스마트폰,lg,g_series,LG-F320,0,0,,N,32,S,0,,
165,166,스마트폰,lg,g_series,LG-F320,0,0,,N,32,A,0,,
166,167,스마트폰,lg,g_series,LG-F320,0,0,,N,32,B,0,,
167,168,스마트폰,lg,g_series,LG-F320,0,0,,N,32,N,0,,
168,169,스마트폰,lg,g_series,LG-F320,0,0,,블랙,N,S,0,,
169,170,스마트폰,lg,g_series,LG-F320,0,0,,블랙,N,A,0,,
170,171,스마트폰,lg,g_series,LG-F320,0,0,,블랙,N,B,0,,
171,172,스마트폰,lg,g_series,LG-F320,0,0,,블랙,N,N,0,,
172,173,스마트폰,lg,g_series,LG-F320,0,0,,화이트,N,S,0,,
173,174,스마트폰,lg,g_series,LG-F320,0,0,,화이트,N,A,0,,
174,175,스마트폰,lg,g_series,LG-F320,0,0,,화이트,N,B,0,,
175,176,스마트폰,lg,g_series,LG-F320,0,0,,화이트,N,N,0,,
176,177,스마트폰,lg,g_series,LG-F320,0,0,,N,N,S,2,coupang,2
177,178,스마트폰,lg,g_series,LG-F320,0,0,,N,N,A,4,coupang,4
178,179,스마트폰,lg,g_series,LG-F320,0,0,,N,N,B,5,bunjang|coupang,1|4
179,180,스마트폰,lg,g_series,LG-F320,0,0,,N,N,N,0,,
180,181,스마트폰,lg,g_series,LG-F400,0,0,,메탈릭 블랙,16,S,0,,
181,182,스마트폰,lg,g_series,LG-F400,0,0,,메탈릭 블랙,16,A,0,,
182,183,스마트폰,lg,g_series,LG-F400,0,0,,메탈릭 블랙,16,B,0,,
183,184,스마트폰,lg,g_series,LG-F400,0,0,,메탈릭 블랙,16,N,0,,
184,185,스마트폰,lg,g_series,LG-F400,0,0,,실크 화이트,16,S,0,,
185,186,스마트폰,lg,g_series,LG-F400,0,0,,실크 화이트,16,A,0,,
186,187,스마트폰,lg,g_series,LG-F400,0,0,,실크 화이트,16,B,0,,
187,188,스마트폰,lg,g_series,LG-F400,0,0,,실크 화이트,16,N,0,,
188,189,스마트폰,lg,g_series,LG-F400,0,0,,샤인 골드,16,S,0,,
189,190,스마트폰,lg,g_series,LG-F400,0,0,,샤인 골드,16,A,0,,
190,191,스마트폰,lg,g_series,LG-F400,0,0,,샤인 골드,16,B,0,,
191,192,스마트폰,lg,g_series,LG-F400,0,0,,샤인 골드,16,N,0,,
192,193,스마트폰,lg,g_series,LG-F400,0,0,,문 바이올렛,16,S,0,,
193,194,스마트폰,lg,g_series,LG-F400,0,0,,문 바이올렛,16,A,0,,
194,195,스마트폰,lg,g_series,LG-F400,0,0,,문 바이올렛,16,B,0,,
195,196,스마트폰,lg,g_series,LG-F400,0,0,,문 바이올렛,16,N,0,,
196,197,스마트폰,lg,g_series,LG-F400,0,0,,버건디 레드,16,S,0,,
197,198,스마트폰,lg,g_series,LG-F400,0,0,,버건디 레드,16,A,0,,
198,199,스마트폰,lg,g_series,LG-F400,0,0,,버건디 레드,16,B,0,,
199,200,스마트폰,lg,g_series,LG-F400,0,0,,버건디 레드,16,N,0,,
200,201,스마트폰,lg,g_series,LG-F400,0,0,,N,16,S,0,,
201,202,스마트폰,lg,g_series,LG-F400,0,0,,N,16,A,0,,
202,203,스마트폰,lg,g_series,LG-F400,0,0,,N,16,B,0,,
203,204,스마트폰,lg,g_series,LG-F400,0,0,,N,16,N,0,,
204,205,스마트폰,lg,g_series,LG-F400,0,0,,메탈릭 블랙,32,S,0,,
205,206,스마트폰,lg,g_series,LG-F400,0,0,,메탈릭 블랙,32,A,0,,
206,207,스마트폰,lg,g_series,LG-F400,0,0,,메탈릭 블랙,32,B,0,,
207,208,스마트폰,lg,g_series,LG-F400,0,0,,메탈릭 블랙,32,N,0,,
208,209,스마트폰,lg,g_series,LG-F400,0,0,,실크 화이트,32,S,0,,
209,210,스마트폰,lg,g_series,LG-F400,0,0,,실크 화이트,32,A,0,,
210,211,스마트폰,lg,g_series,LG-F400,0,0,,실크 화이트,32,B,0,,
211,212,스마트폰,lg,g_series,LG-F400,0,0,,실크 화이트,32,N,0,,
212,213,스마트폰,lg,g_series,LG-F400,0,0,,샤인 골드,32,S,0,,
213,214,스마트폰,lg,g_series,LG-F400,0,0,,샤인 골드,32,A,0,,
214,215,스마트폰,lg,g_series,LG-F400,0,0,,샤인 골드,32,B,0,,
215,216,스마트폰,lg,g_series,LG-F400,0,0,,샤인 골드,32,N,0,,
216,217,스마트폰,lg,g_series,LG-F400,0,0,,문 바이올렛,32,S,0,,
217,218,스마트폰,lg,g_series,LG-F400,0,0,,문 바이올렛,32,A,0,,
218,219,스마트폰,lg,g_series,LG-F400,0,0,,문 바이올렛,32,B,0,,
219,220,스마트폰,lg,g_series,LG-F400,0,0,,문 바이올렛,32,N,0,,
220,221,스마트폰,lg,g_series,LG-F400,0,0,,버건디 레드,32,S,0,,
221,222,스마트폰,lg,g_series,LG-F400,0,0,,버건디 레드,32,A,0,,
222,223,스마트폰,lg,g_series,LG-F400,0,0,,버건디 레드,32,B,0,,
223,224,스마트폰,lg,g_series,LG-F400,0,0,,버건디 레드,32,N,0,,
224,225,스마트폰,lg,g_series,LG-F400,0,0,,N,32,S,0,,
225,226,스마트폰,lg,g_series,LG-F400,0,0,,N,32,A,0,,
226,227,스마트폰,lg,g_series,LG-F400,0,0,,N,32,B,0,,
227,228,스마트폰,lg,g_series,LG-F400,0,0,,N,32,N,0,,
228,229,스마트폰,lg,g_series,LG-F400,0,0,,메탈릭 블랙,N,S,0,,
229,230,스마트폰,lg,g_series,LG-F400,0,0,,메탈릭 블랙,N,A,0,,
230,231,스마트폰,lg,g_series,LG-F400,0,0,,메탈릭 블랙,N,B,0,,
231,232,스마트폰,lg,g_series,LG-F400,0,0,,메탈릭 블랙,N,N,0,,
232,233,스마트폰,lg,g_series,LG-F400,0,0,,실크 화이트,N,S,0,,
233,234,스마트폰,lg,g_series,LG-F400,0,0,,실크 화이트,N,A,0,,
234,235,스마트폰,lg,g_series,LG-F400,0,0,,실크 화이트,N,B,0,,
235,236,스마트폰,lg,g_series,LG-F400,0,0,,실크 화이트,N,N,0,,
236,237,스마트폰,lg,g_series,LG-F400,0,0,,샤인 골드,N,S,0,,
237,238,스마트폰,lg,g_series,LG-F400,0,0,,샤인 골드,N,A,0,,
238,239,스마트폰,lg,g_series,LG-F400,0,0,,샤인 골드,N,B,0,,
239,240,스마트폰,lg,g_series,LG-F400,0,0,,샤인 골드,N,N,0,,
240,241,스마트폰,lg,g_series,LG-F400,0,0,,문 바이올렛,N,S,0,,
241,242,스마트폰,lg,g_series,LG-F400,0,0,,문 바이올렛,N,A,0,,
242,243,스마트폰,lg,g_series,LG-F400,0,0,,문 바이올렛,N,B,0,,
243,244,스마트폰,lg,g_series,LG-F400,0,0,,문 바이올렛,N,N,0,,
244,245,스마트폰,lg,g_series,LG-F400,0,0,,버건디 레드,N,S,0,,
245,246,스마트폰,lg,g_series,LG-F400,0,0,,버건디 레드,N,A,0,,
246,247,스마트폰,lg,g_series,LG-F400,0,0,,버건디 레드,N,B,0,,
247,248,스마트폰,lg,g_series,LG-F400,0,0,,버건디 레드,N,N,0,,
248,249,스마트폰,lg,g_series,LG-F400,0,0,,N,N,S,7,coupang,7
249,250,스마트폰,lg,g_series,LG-F400,0,0,,N,N,A,7,coupang,7
250,251,스마트폰,lg,g_series,LG-F400,0,0,,N,N,B,7,coupang,7
251,252,스마트폰,lg,g_series,LG-F400,0,0,,N,N,N,0,,
252,253,스마트폰,lg,g_series,LG-F410,0,0,,티탄,32,S,0,,
253,254,스마트폰,lg,g_series,LG-F410,0,0,,티탄,32,A,0,,
254,255,스마트폰,lg,g_series,LG-F410,0,0,,티탄,32,B,0,,
255,256,스마트폰,lg,g_series,LG-F410,0,0,,티탄,32,N,0,,
256,257,스마트폰,lg,g_series,LG-F410,0,0,,화이트,32,S,0,,
257,258,스마트폰,lg,g_series,LG-F410,0,0,,화이트,32,A,0,,
258,259,스마트폰,lg,g_series,LG-F410,0,0,,화이트,32,B,0,,
259,260,스마트폰,lg,g_series,LG-F410,0,0,,화이트,32,N,0,,
260,261,스마트폰,lg,g_series,LG-F410,0,0,,N,32,S,0,,
261,262,스마트폰,lg,g_series,LG-F410,0,0,,N,32,A,0,,
262,263,스마트폰,lg,g_series,LG-F410,0,0,,N,32,B,0,,
263,264,스마트폰,lg,g_series,LG-F410,0,0,,N,32,N,0,,
264,265,스마트폰,lg,g_series,LG-F410,0,0,,티탄,N,S,0,,
265,266,스마트폰,lg,g_series,LG-F410,0,0,,티탄,N,A,0,,
266,267,스마트폰,lg,g_series,LG-F410,0,0,,티탄,N,B,0,,
267,268,스마트폰,lg,g_series,LG-F410,0,0,,티탄,N,N,0,,
268,269,스마트폰,lg,g_series,LG-F410,0,0,,화이트,N,S,0,,
269,270,스마트폰,lg,g_series,LG-F410,0,0,,화이트,N,A,0,,
270,271,스마트폰,lg,g_series,LG-F410,0,0,,화이트,N,B,0,,
271,272,스마트폰,lg,g_series,LG-F410,0,0,,화이트,N,N,0,,
272,273,스마트폰,lg,g_series,LG-F410,0,0,,N,N,S,1,coupang,1
273,274,스마트폰,lg,g_series,LG-F410,0,0,,N,N,A,2,coupang,2
274,275,스마트폰,lg,g_series,LG-F410,0,0,,N,N,B,2,coupang,2
275,276,스마트폰,lg,g_series,LG-F410,0,0,,N,N,N,0,,
276,277,스마트폰,lg,g_series,LG-F470,0,0,,메탈릭 블랙,8,S,0,,
277,278,스마트폰,lg,g_series,LG-F470,0,0,,메탈릭 블랙,8,A,0,,
278,279,스마트폰,lg,g_series,LG-F470,0,0,,메탈릭 블랙,8,B,0,,
279,280,스마트폰,lg,g_series,LG-F470,0,0,,메탈릭 블랙,8,N,0,,
280,281,스마트폰,lg,g_series,LG-F470,0,0,,실크 화이트,8,S,0,,
281,282,스마트폰,lg,g_series,LG-F470,0,0,,실크 화이트,8,A,0,,
282,283,스마트폰,lg,g_series,LG-F470,0,0,,실크 화이트,8,B,0,,
283,284,스마트폰,lg,g_series,LG-F470,0,0,,실크 화이트,8,N,0,,
284,285,스마트폰,lg,g_series,LG-F470,0,0,,샤인 골드,8,S,0,,
285,286,스마트폰,lg,g_series,LG-F470,0,0,,샤인 골드,8,A,0,,
286,287,스마트폰,lg,g_series,LG-F470,0,0,,샤인 골드,8,B,0,,
287,288,스마트폰,lg,g_series,LG-F470,0,0,,샤인 골드,8,N,0,,
288,289,스마트폰,lg,g_series,LG-F470,0,0,,N,8,S,0,,
289,290,스마트폰,lg,g_series,LG-F470,0,0,,N,8,A,0,,
290,291,스마트폰,lg,g_series,LG-F470,0,0,,N,8,B,0,,
291,292,스마트폰,lg,g_series,LG-F470,0,0,,N,8,N,0,,
292,293,스마트폰,lg,g_series,LG-F470,0,0,,메탈릭 블랙,N,S,0,,
293,294,스마트폰,lg,g_series,LG-F470,0,0,,메탈릭 블랙,N,A,0,,
294,295,스마트폰,lg,g_series,LG-F470,0,0,,메탈릭 블랙,N,B,0,,
295,296,스마트폰,lg,g_series,LG-F470,0,0,,메탈릭 블랙,N,N,0,,
296,297,스마트폰,lg,g_series,LG-F470,0,0,,실크 화이트,N,S,0,,
297,298,스마트폰,lg,g_series,LG-F470,0,0,,실크 화이트,N,A,0,,
298,299,스마트폰,lg,g_series,LG-F470,0,0,,실크 화이트,N,B,0,,
299,300,스마트폰,lg,g_series,LG-F470,0,0,,실크 화이트,N,N,0,,
300,301,스마트폰,lg,g_series,LG-F470,0,0,,샤인 골드,N,S,0,,
301,302,스마트폰,lg,g_series,LG-F470,0,0,,샤인 골드,N,A,0,,
302,303,스마트폰,lg,g_series,LG-F470,0,0,,샤인 골드,N,B,0,,
303,304,스마트폰,lg,g_series,LG-F470,0,0,,샤인 골드,N,N,0,,
304,305,스마트폰,lg,g_series,LG-F470,0,0,,N,N,S,0,,
305,306,스마트폰,lg,g_series,LG-F470,0,0,,N,N,A,0,,
306,307,스마트폰,lg,g_series,LG-F470,0,0,,N,N,B,0,,
307,308,스마트폰,lg,g_series,LG-F470,0,0,,N,N,N,0,,
308,309,스마트폰,lg,g_series,LG-F490,0,0,,블랙,32,S,0,,
309,310,스마트폰,lg,g_series,LG-F490,0,0,,블랙,32,A,0,,
310,311,스마트폰,lg,g_series,LG-F490,0,0,,블랙,32,B,0,,
311,312,스마트폰,lg,g_series,LG-F490,0,0,,블랙,32,N,0,,
312,313,스마트폰,lg,g_series,LG-F490,0,0,,화이트,32,S,0,,
313,314,스마트폰,lg,g_series,LG-F490,0,0,,화이트,32,A,0,,
314,315,스마트폰,lg,g_series,LG-F490,0,0,,화이트,32,B,0,,
315,316,스마트폰,lg,g_series,LG-F490,0,0,,화이트,32,N,0,,
316,317,스마트폰,lg,g_series,LG-F490,0,0,,N,32,S,0,,
317,318,스마트폰,lg,g_series,LG-F490,0,0,,N,32,A,0,,
318,319,스마트폰,lg,g_series,LG-F490,0,0,,N,32,B,0,,
319,320,스마트폰,lg,g_series,LG-F490,0,0,,N,32,N,0,,
320,321,스마트폰,lg,g_series,LG-F490,0,0,,블랙,N,S,0,,
321,322,스마트폰,lg,g_series,LG-F490,0,0,,블랙,N,A,0,,
322,323,스마트폰,lg,g_series,LG-F490,0,0,,블랙,N,B,0,,
323,324,스마트폰,lg,g_series,LG-F490,0,0,,블랙,N,N,0,,
324,325,스마트폰,lg,g_series,LG-F490,0,0,,화이트,N,S,0,,
325,326,스마트폰,lg,g_series,LG-F490,0,0,,화이트,N,A,0,,
326,327,스마트폰,lg,g_series,LG-F490,0,0,,화이트,N,B,0,,
327,328,스마트폰,lg,g_series,LG-F490,0,0,,화이트,N,N,0,,
328,329,스마트폰,lg,g_series,LG-F490,0,0,,N,N,S,0,,
329,330,스마트폰,lg,g_series,LG-F490,0,0,,N,N,A,0,,
330,331,스마트폰,lg,g_series,LG-F490,0,0,,N,N,B,0,,
331,332,스마트폰,lg,g_series,LG-F490,0,0,,N,N,N,0,,
332,333,스마트폰,lg,lg,LG-D690,0,0,,블랙,8,S,0,,
333,334,스마트폰,lg,lg,LG-D690,0,0,,블랙,8,A,0,,
334,335,스마트폰,lg,lg,LG-D690,0,0,,블랙,8,B,0,,
335,336,스마트폰,lg,lg,LG-D690,0,0,,블랙,8,N,0,,
336,337,스마트폰,lg,lg,LG-D690,0,0,,화이트,8,S,0,,
337,338,스마트폰,lg,lg,LG-D690,0,0,,화이트,8,A,0,,
338,339,스마트폰,lg,lg,LG-D690,0,0,,화이트,8,B,0,,
339,340,스마트폰,lg,lg,LG-D690,0,0,,화이트,8,N,0,,
340,341,스마트폰,lg,lg,LG-D690,0,0,,골드,8,S,0,,
341,342,스마트폰,lg,lg,LG-D690,0,0,,골드,8,A,0,,
342,343,스마트폰,lg,lg,LG-D690,0,0,,골드,8,B,0,,
343,344,스마트폰,lg,lg,LG-D690,0,0,,골드,8,N,0,,
344,345,스마트폰,lg,lg,LG-D690,0,0,,N,8,S,0,,
345,346,스마트폰,lg,lg,LG-D690,0,0,,N,8,A,0,,
346,347,스마트폰,lg,lg,LG-D690,0,0,,N,8,B,0,,
347,348,스마트폰,lg,lg,LG-D690,0,0,,N,8,N,0,,
348,349,스마트폰,lg,lg,LG-D690,0,0,,블랙,N,S,0,,
349,350,스마트폰,lg,lg,LG-D690,0,0,,블랙,N,A,0,,
350,351,스마트폰,lg,lg,LG-D690,0,0,,블랙,N,B,0,,
351,352,스마트폰,lg,lg,LG-D690,0,0,,블랙,N,N,0,,
352,353,스마트폰,lg,lg,LG-D690,0,0,,화이트,N,S,0,,
353,354,스마트폰,lg,lg,LG-D690,0,0,,화이트,N,A,0,,
354,355,스마트폰,lg,lg,LG-D690,0,0,,화이트,N,B,0,,
355,356,스마트폰,lg,lg,LG-D690,0,0,,화이트,N,N,0,,
356,357,스마트폰,lg,lg,LG-D690,0,0,,골드,N,S,0,,
357,358,스마트폰,lg,lg,LG-D690,0,0,,골드,N,A,0,,
358,359,스마트폰,lg,lg,LG-D690,0,0,,골드,N,B,0,,
359,360,스마트폰,lg,lg,LG-D690,0,0,,골드,N,N,0,,
360,361,스마트폰,lg,lg,LG-D690,0,0,,N,N,S,0,,
361,362,스마트폰,lg,lg,LG-D690,0,0,,N,N,A,0,,
362,363,스마트폰,lg,lg,LG-D690,0,0,,N,N,B,0,,
363,364,스마트폰,lg,lg,LG-D690,0,0,,N,N,N,0,,
364,365,스마트폰,lg,g_series,LG-F460,0,0,,메탈릭 블랙,16,S,0,,
365,366,스마트폰,lg,g_series,LG-F460,0,0,,메탈릭 블랙,16,A,0,,
366,367,스마트폰,lg,g_series,LG-F460,0,0,,메탈릭 블랙,16,B,0,,
367,368,스마트폰,lg,g_series,LG-F460,0,0,,메탈릭 블랙,16,N,0,,
368,369,스마트폰,lg,g_series,LG-F460,0,0,,실크 화이트,16,S,0,,
369,370,스마트폰,lg,g_series,LG-F460,0,0,,실크 화이트,16,A,0,,
370,371,스마트폰,lg,g_series,LG-F460,0,0,,실크 화이트,16,B,0,,
371,372,스마트폰,lg,g_series,LG-F460,0,0,,실크 화이트,16,N,0,,
372,373,스마트폰,lg,g_series,LG-F460,0,0,,샤인 골드,16,S,0,,
373,374,스마트폰,lg,g_series,LG-F460,0,0,,샤인 골드,16,A,0,,
374,375,스마트폰,lg,g_series,LG-F460,0,0,,샤인 골드,16,B,0,,
375,376,스마트폰,lg,g_series,LG-F460,0,0,,샤인 골드,16,N,0,,
376,377,스마트폰,lg,g_series,LG-F460,0,0,,N,16,S,0,,
377,378,스마트폰,lg,g_series,LG-F460,0,0,,N,16,A,0,,
378,379,스마트폰,lg,g_series,LG-F460,0,0,,N,16,B,0,,
379,380,스마트폰,lg,g_series,LG-F460,0,0,,N,16,N,0,,
380,381,스마트폰,lg,g_series,LG-F460,0,0,,메탈릭 블랙,32,S,0,,
381,382,스마트폰,lg,g_series,LG-F460,0,0,,메탈릭 블랙,32,A,0,,
382,383,스마트폰,lg,g_series,LG-F460,0,0,,메탈릭 블랙,32,B,0,,
383,384,스마트폰,lg,g_series,LG-F460,0,0,,메탈릭 블랙,32,N,0,,
384,385,스마트폰,lg,g_series,LG-F460,0,0,,실크 화이트,32,S,0,,
385,386,스마트폰,lg,g_series,LG-F460,0,0,,실크 화이트,32,A,0,,
386,387,스마트폰,lg,g_series,LG-F460,0,0,,실크 화이트,32,B,0,,
387,388,스마트폰,lg,g_series,LG-F460,0,0,,실크 화이트,32,N,0,,
388,389,스마트폰,lg,g_series,LG-F460,0,0,,샤인 골드,32,S,0,,
389,390,스마트폰,lg,g_series,LG-F460,0,0,,샤인 골드,32,A,0,,
390,391,스마트폰,lg,g_series,LG-F460,0,0,,샤인 골드,32,B,0,,
391,392,스마트폰,lg,g_series,LG-F460,0,0,,샤인 골드,32,N,0,,
392,393,스마트폰,lg,g_series,LG-F460,0,0,,N,32,S,0,,
393,394,스마트폰,lg,g_series,LG-F460,0,0,,N,32,A,0,,
394,395,스마트폰,lg,g_series,LG-F460,0,0,,N,32,B,0,,
395,396,스마트폰,lg,g_series,LG-F460,0,0,,N,32,N,0,,
396,397,스마트폰,lg,g_series,LG-F460,0,0,,메탈릭 블랙,N,S,0,,
397,398,스마트폰,lg,g_series,LG-F460,0,0,,메탈릭 블랙,N,A,0,,
398,399,스마트폰,lg,g_series,LG-F460,0,0,,메탈릭 블랙,N,B,0,,
399,400,스마트폰,lg,g_series,LG-F460,0,0,,메탈릭 블랙,N,N,0,,
400,401,스마트폰,lg,g_series,LG-F460,0,0,,실크 화이트,N,S,0,,
401,402,스마트폰,lg,g_series,LG-F460,0,0,,실크 화이트,N,A,0,,
402,403,스마트폰,lg,g_series,LG-F460,0,0,,실크 화이트,N,B,0,,
403,404,스마트폰,lg,g_series,LG-F460,0,0,,실크 화이트,N,N,0,,
404,405,스마트폰,lg,g_series,LG-F460,0,0,,샤인 골드,N,S,0,,
405,406,스마트폰,lg,g_series,LG-F460,0,0,,샤인 골드,N,A,0,,
406,407,스마트폰,lg,g_series,LG-F460,0,0,,샤인 골드,N,B,0,,
407,408,스마트폰,lg,g_series,LG-F460,0,0,,샤인 골드,N,N,0,,
408,409,스마트폰,lg,g_series,LG-F460,0,0,,N,N,S,0,,
409,410,스마트폰,lg,g_series,LG-F460,0,0,,N,N,A,0,,
410,411,스마트폰,lg,g_series,LG-F460,0,0,,N,N,B,0,,
411,412,스마트폰,lg,g_series,LG-F460,0,0,,N,N,N,0,,
412,413,스마트폰,lg,g_series,LG-F500,0,0,,메탈릭 그레이,32,S,0,,
413,414,스마트폰,lg,g_series,LG-F500,0,0,,메탈릭 그레이,32,A,0,,
414,415,스마트폰,lg,g_series,LG-F500,0,0,,메탈릭 그레이,32,B,0,,
415,416,스마트폰,lg,g_series,LG-F500,0,0,,메탈릭 그레이,32,N,0,,
416,417,스마트폰,lg,g_series,LG-F500,0,0,,세라믹 화이트,32,S,0,,
417,418,스마트폰,lg,g_series,LG-F500,0,0,,세라믹 화이트,32,A,0,,
418,419,스마트폰,lg,g_series,LG-F500,0,0,,세라믹 화이트,32,B,0,,
419,420,스마트폰,lg,g_series,LG-F500,0,0,,세라믹 화이트,32,N,0,,
420,421,스마트폰,lg,g_series,LG-F500,0,0,,골드,32,S,0,,
421,422,스마트폰,lg,g_series,LG-F500,0,0,,골드,32,A,0,,
422,423,스마트폰,lg,g_series,LG-F500,0,0,,골드,32,B,0,,
423,424,스마트폰,lg,g_series,LG-F500,0,0,,골드,32,N,0,,
424,425,스마트폰,lg,g_series,LG-F500,0,0,,N,32,S,0,,
425,426,스마트폰,lg,g_series,LG-F500,0,0,,N,32,A,0,,
426,427,스마트폰,lg,g_series,LG-F500,0,0,,N,32,B,0,,
427,428,스마트폰,lg,g_series,LG-F500,0,0,,N,32,N,0,,
428,429,스마트폰,lg,g_series,LG-F500,0,0,,메탈릭 그레이,N,S,0,,
429,430,스마트폰,lg,g_series,LG-F500,0,0,,메탈릭 그레이,N,A,0,,
430,431,스마트폰,lg,g_series,LG-F500,0,0,,메탈릭 그레이,N,B,0,,
431,432,스마트폰,lg,g_series,LG-F500,0,0,,메탈릭 그레이,N,N,0,,
432,433,스마트폰,lg,g_series,LG-F500,0,0,,세라믹 화이트,N,S,0,,
433,434,스마트폰,lg,g_series,LG-F500,0,0,,세라믹 화이트,N,A,0,,
434,435,스마트폰,lg,g_series,LG-F500,0,0,,세라믹 화이트,N,B,0,,
435,436,스마트폰,lg,g_series,LG-F500,0,0,,세라믹 화이트,N,N,0,,
436,437,스마트폰,lg,g_series,LG-F500,0,0,,골드,N,S,0,,
437,438,스마트폰,lg,g_series,LG-F500,0,0,,골드,N,A,0,,
438,439,스마트폰,lg,g_series,LG-F500,0,0,,골드,N,B,0,,
439,440,스마트폰,lg,g_series,LG-F500,0,0,,골드,N,N,0,,
440,441,스마트폰,lg,g_series,LG-F500,0,0,,N,N,S,4,coupang,4
441,442,스마트폰,lg,g_series,LG-F500,0,0,,N,N,A,4,coupang,4
442,443,스마트폰,lg,g_series,LG-F500,0,0,,N,N,B,4,coupang,4
443,444,스마트폰,lg,g_series,LG-F500,0,0,,N,N,N,0,,
444,445,스마트폰,lg,g_series,LG-F700,0,0,,티탄,32,S,0,,
445,446,스마트폰,lg,g_series,LG-F700,0,0,,티탄,32,A,0,,
446,447,스마트폰,lg,g_series,LG-F700,0,0,,티탄,32,B,0,,
447,448,스마트폰,lg,g_series,LG-F700,0,0,,티탄,32,N,0,,
448,449,스마트폰,lg,g_series,LG-F700,0,0,,골드,32,S,0,,
449,450,스마트폰,lg,g_series,LG-F700,0,0,,골드,32,A,0,,
450,451,스마트폰,lg,g_series,LG-F700,0,0,,골드,32,B,1,bunjang,1
451,452,스마트폰,lg,g_series,LG-F700,0,0,,골드,32,N,0,,
452,453,스마트폰,lg,g_series,LG-F700,0,0,,실버,32,S,0,,
453,454,스마트폰,lg,g_series,LG-F700,0,0,,실버,32,A,0,,
454,455,스마트폰,lg,g_series,LG-F700,0,0,,실버,32,B,0,,
455,456,스마트폰,lg,g_series,LG-F700,0,0,,실버,32,N,0,,
456,457,스마트폰,lg,g_series,LG-F700,0,0,,핑크,32,S,0,,
457,458,스마트폰,lg,g_series,LG-F700,0,0,,핑크,32,A,0,,
458,459,스마트폰,lg,g_series,LG-F700,0,0,,핑크,32,B,0,,
459,460,스마트폰,lg,g_series,LG-F700,0,0,,핑크,32,N,0,,
460,461,스마트폰,lg,g_series,LG-F700,0,0,,N,32,S,0,,
461,462,스마트폰,lg,g_series,LG-F700,0,0,,N,32,A,0,,
462,463,스마트폰,lg,g_series,LG-F700,0,0,,N,32,B,0,,
463,464,스마트폰,lg,g_series,LG-F700,0,0,,N,32,N,0,,
464,465,스마트폰,lg,g_series,LG-F700,0,0,,티탄,N,S,0,,
465,466,스마트폰,lg,g_series,LG-F700,0,0,,티탄,N,A,0,,
466,467,스마트폰,lg,g_series,LG-F700,0,0,,티탄,N,B,0,,
467,468,스마트폰,lg,g_series,LG-F700,0,0,,티탄,N,N,0,,
468,469,스마트폰,lg,g_series,LG-F700,0,0,,골드,N,S,1,coupang,1
469,470,스마트폰,lg,g_series,LG-F700,0,0,,골드,N,A,1,coupang,1
470,471,스마트폰,lg,g_series,LG-F700,0,0,,골드,N,B,1,coupang,1
471,472,스마트폰,lg,g_series,LG-F700,0,0,,골드,N,N,0,,
472,473,스마트폰,lg,g_series,LG-F700,0,0,,실버,N,S,1,coupang,1
473,474,스마트폰,lg,g_series,LG-F700,0,0,,실버,N,A,1,coupang,1
474,475,스마트폰,lg,g_series,LG-F700,0,0,,실버,N,B,1,coupang,1
475,476,스마트폰,lg,g_series,LG-F700,0,0,,실버,N,N,0,,
476,477,스마트폰,lg,g_series,LG-F700,0,0,,핑크,N,S,1,coupang,1
477,478,스마트폰,lg,g_series,LG-F700,0,0,,핑크,N,A,1,coupang,1
478,479,스마트폰,lg,g_series,LG-F700,0,0,,핑크,N,B,1,coupang,1
479,480,스마트폰,lg,g_series,LG-F700,0,0,,핑크,N,N,0,,
480,481,스마트폰,lg,g_series,LG-F700,0,0,,N,N,S,3,coupang,3
481,482,스마트폰,lg,g_series,LG-F700,0,0,,N,N,A,4,coupang,4
482,483,스마트폰,lg,g_series,LG-F700,0,0,,N,N,B,4,coupang,4
483,484,스마트폰,lg,g_series,LG-F700,0,0,,N,N,N,0,,
484,485,스마트폰,lg,g_series,LGM-G600,0,0,,아스트로 블랙,32,S,1,coupang,1
485,486,스마트폰,lg,g_series,LGM-G600,0,0,,아스트로 블랙,32,A,1,coupang,1
486,487,스마트폰,lg,g_series,LGM-G600,0,0,,아스트로 블랙,32,B,1,coupang,1
487,488,스마트폰,lg,g_series,LGM-G600,0,0,,아스트로 블랙,32,N,0,,
488,489,스마트폰,lg,g_series,LGM-G600,0,0,,미스틱 화이트,32,S,0,,
489,490,스마트폰,lg,g_series,LGM-G600,0,0,,미스틱 화이트,32,A,0,,
490,491,스마트폰,lg,g_series,LGM-G600,0,0,,미스틱 화이트,32,B,0,,
491,492,스마트폰,lg,g_series,LGM-G600,0,0,,미스틱 화이트,32,N,0,,
492,493,스마트폰,lg,g_series,LGM-G600,0,0,,아이스 플래티넘,32,S,0,,
493,494,스마트폰,lg,g_series,LGM-G600,0,0,,아이스 플래티넘,32,A,0,,
494,495,스마트폰,lg,g_series,LGM-G600,0,0,,아이스 플래티넘,32,B,0,,
495,496,스마트폰,lg,g_series,LGM-G600,0,0,,아이스 플래티넘,32,N,0,,
496,497,스마트폰,lg,g_series,LGM-G600,0,0,,테라 골드,32,S,0,,
497,498,스마트폰,lg,g_series,LGM-G600,0,0,,테라 골드,32,A,1,bunjang,1
498,499,스마트폰,lg,g_series,LGM-G600,0,0,,테라 골드,32,B,0,,
499,500,스마트폰,lg,g_series,LGM-G600,0,0,,테라 골드,32,N,0,,
500,501,스마트폰,lg,g_series,LGM-G600,0,0,,마린 블루,32,S,0,,
501,502,스마트폰,lg,g_series,LGM-G600,0,0,,마린 블루,32,A,0,,
502,503,스마트폰,lg,g_series,LGM-G600,0,0,,마린 블루,32,B,0,,
503,504,스마트폰,lg,g_series,LGM-G600,0,0,,마린 블루,32,N,0,,
504,505,스마트폰,lg,g_series,LGM-G600,0,0,,라벤더 바이올렛,32,S,0,,
505,506,스마트폰,lg,g_series,LGM-G600,0,0,,라벤더 바이올렛,32,A,0,,
506,507,스마트폰,lg,g_series,LGM-G600,0,0,,라벤더 바이올렛,32,B,0,,
507,508,스마트폰,lg,g_series,LGM-G600,0,0,,라벤더 바이올렛,32,N,0,,
508,509,스마트폰,lg,g_series,LGM-G600,0,0,,라즈베리 로즈,32,S,0,,
509,510,스마트폰,lg,g_series,LGM-G600,0,0,,라즈베리 로즈,32,A,0,,
510,511,스마트폰,lg,g_series,LGM-G600,0,0,,라즈베리 로즈,32,B,0,,
511,512,스마트폰,lg,g_series,LGM-G600,0,0,,라즈베리 로즈,32,N,0,,
512,513,스마트폰,lg,g_series,LGM-G600,0,0,,N,32,S,4,coupang,4
513,514,스마트폰,lg,g_series,LGM-G600,0,0,,N,32,A,4,coupang,4
514,515,스마트폰,lg,g_series,LGM-G600,0,0,,N,32,B,3,coupang,3
515,516,스마트폰,lg,g_series,LGM-G600,0,0,,N,32,N,0,,
516,517,스마트폰,lg,g_series,LGM-G600,0,0,,아스트로 블랙,64,S,2,coupang,2
517,518,스마트폰,lg,g_series,LGM-G600,0,0,,아스트로 블랙,64,A,1,coupang,1
518,519,스마트폰,lg,g_series,LGM-G600,0,0,,아스트로 블랙,64,B,6,bunjang|coupang,4|2
519,520,스마트폰,lg,g_series,LGM-G600,0,0,,아스트로 블랙,64,N,0,,
520,521,스마트폰,lg,g_series,LGM-G600,0,0,,미스틱 화이트,64,S,1,coupang,1
521,522,스마트폰,lg,g_series,LGM-G600,0,0,,미스틱 화이트,64,A,1,coupang,1
522,523,스마트폰,lg,g_series,LGM-G600,0,0,,미스틱 화이트,64,B,1,coupang,1
523,524,스마트폰,lg,g_series,LGM-G600,0,0,,미스틱 화이트,64,N,0,,
524,525,스마트폰,lg,g_series,LGM-G600,0,0,,아이스 플래티넘,64,S,0,,
525,526,스마트폰,lg,g_series,LGM-G600,0,0,,아이스 플래티넘,64,A,0,,
526,527,스마트폰,lg,g_series,LGM-G600,0,0,,아이스 플래티넘,64,B,0,,
527,528,스마트폰,lg,g_series,LGM-G600,0,0,,아이스 플래티넘,64,N,0,,
528,529,스마트폰,lg,g_series,LGM-G600,0,0,,테라 골드,64,S,0,,
529,530,스마트폰,lg,g_series,LGM-G600,0,0,,테라 골드,64,A,0,,
530,531,스마트폰,lg,g_series,LGM-G600,0,0,,테라 골드,64,B,0,,
531,532,스마트폰,lg,g_series,LGM-G600,0,0,,테라 골드,64,N,0,,
532,533,스마트폰,lg,g_series,LGM-G600,0,0,,마린 블루,64,S,1,bunjang,1
533,534,스마트폰,lg,g_series,LGM-G600,0,0,,마린 블루,64,A,0,,
534,535,스마트폰,lg,g_series,LGM-G600,0,0,,마린 블루,64,B,0,,
535,536,스마트폰,lg,g_series,LGM-G600,0,0,,마린 블루,64,N,0,,
536,537,스마트폰,lg,g_series,LGM-G600,0,0,,라벤더 바이올렛,64,S,0,,
537,538,스마트폰,lg,g_series,LGM-G600,0,0,,라벤더 바이올렛,64,A,0,,
538,539,스마트폰,lg,g_series,LGM-G600,0,0,,라벤더 바이올렛,64,B,0,,
539,540,스마트폰,lg,g_series,LGM-G600,0,0,,라벤더 바이올렛,64,N,0,,
540,541,스마트폰,lg,g_series,LGM-G600,0,0,,라즈베리 로즈,64,S,0,,
541,542,스마트폰,lg,g_series,LGM-G600,0,0,,라즈베리 로즈,64,A,0,,
542,543,스마트폰,lg,g_series,LGM-G600,0,0,,라즈베리 로즈,64,B,0,,
543,544,스마트폰,lg,g_series,LGM-G600,0,0,,라즈베리 로즈,64,N,0,,
544,545,스마트폰,lg,g_series,LGM-G600,0,0,,N,64,S,4,coupang,4
545,546,스마트폰,lg,g_series,LGM-G600,0,0,,N,64,A,2,coupang,2
546,547,스마트폰,lg,g_series,LGM-G600,0,0,,N,64,B,6,bunjang|coupang,1|5
547,548,스마트폰,lg,g_series,LGM-G600,0,0,,N,64,N,0,,
548,549,스마트폰,lg,g_series,LGM-G600,0,0,,아스트로 블랙,N,S,0,,
549,550,스마트폰,lg,g_series,LGM-G600,0,0,,아스트로 블랙,N,A,0,,
550,551,스마트폰,lg,g_series,LGM-G600,0,0,,아스트로 블랙,N,B,0,,
551,552,스마트폰,lg,g_series,LGM-G600,0,0,,아스트로 블랙,N,N,0,,
552,553,스마트폰,lg,g_series,LGM-G600,0,0,,미스틱 화이트,N,S,0,,
553,554,스마트폰,lg,g_series,LGM-G600,0,0,,미스틱 화이트,N,A,0,,
554,555,스마트폰,lg,g_series,LGM-G600,0,0,,미스틱 화이트,N,B,0,,
555,556,스마트폰,lg,g_series,LGM-G600,0,0,,미스틱 화이트,N,N,0,,
556,557,스마트폰,lg,g_series,LGM-G600,0,0,,아이스 플래티넘,N,S,0,,
557,558,스마트폰,lg,g_series,LGM-G600,0,0,,아이스 플래티넘,N,A,0,,
558,559,스마트폰,lg,g_series,LGM-G600,0,0,,아이스 플래티넘,N,B,0,,
559,560,스마트폰,lg,g_series,LGM-G600,0,0,,아이스 플래티넘,N,N,0,,
560,561,스마트폰,lg,g_series,LGM-G600,0,0,,테라 골드,N,S,0,,
561,562,스마트폰,lg,g_series,LGM-G600,0,0,,테라 골드,N,A,0,,
562,563,스마트폰,lg,g_series,LGM-G600,0,0,,테라 골드,N,B,0,,
563,564,스마트폰,lg,g_series,LGM-G600,0,0,,테라 골드,N,N,0,,
564,565,스마트폰,lg,g_series,LGM-G600,0,0,,마린 블루,N,S,0,,
565,566,스마트폰,lg,g_series,LGM-G600,0,0,,마린 블루,N,A,0,,
566,567,스마트폰,lg,g_series,LGM-G600,0,0,,마린 블루,N,B,0,,
567,568,스마트폰,lg,g_series,LGM-G600,0,0,,마린 블루,N,N,0,,
568,569,스마트폰,lg,g_series,LGM-G600,0,0,,라벤더 바이올렛,N,S,0,,
569,570,스마트폰,lg,g_series,LGM-G600,0,0,,라벤더 바이올렛,N,A,0,,
570,571,스마트폰,lg,g_series,LGM-G600,0,0,,라벤더 바이올렛,N,B,0,,
571,572,스마트폰,lg,g_series,LGM-G600,0,0,,라벤더 바이올렛,N,N,0,,
572,573,스마트폰,lg,g_series,LGM-G600,0,0,,라즈베리 로즈,N,S,0,,
573,574,스마트폰,lg,g_series,LGM-G600,0,0,,라즈베리 로즈,N,A,0,,
574,575,스마트폰,lg,g_series,LGM-G600,0,0,,라즈베리 로즈,N,B,0,,
575,576,스마트폰,lg,g_series,LGM-G600,0,0,,라즈베리 로즈,N,N,0,,
576,577,스마트폰,lg,g_series,LGM-G600,0,0,,N,N,S,0,,
577,578,스마트폰,lg,g_series,LGM-G600,0,0,,N,N,A,0,,
578,579,스마트폰,lg,g_series,LGM-G600,0,0,,N,N,B,1,naver,1
579,580,스마트폰,lg,g_series,LGM-G600,0,0,,N,N,N,0,,
580,581,스마트폰,lg,g_series,LGM-G600P,0,0,,옵티컬 아스트로 블랙,128,S,0,,
581,582,스마트폰,lg,g_series,LGM-G600P,0,0,,옵티컬 아스트로 블랙,128,A,0,,
582,583,스마트폰,lg,g_series,LGM-G600P,0,0,,옵티컬 아스트로 블랙,128,B,0,,
583,584,스마트폰,lg,g_series,LGM-G600P,0,0,,옵티컬 아스트로 블랙,128,N,0,,
584,585,스마트폰,lg,g_series,LGM-G600P,0,0,,옵티컬 테라 골드,128,S,0,,
585,586,스마트폰,lg,g_series,LGM-G600P,0,0,,옵티컬 테라 골드,128,A,0,,
586,587,스마트폰,lg,g_series,LGM-G600P,0,0,,옵티컬 테라 골드,128,B,0,,
587,588,스마트폰,lg,g_series,LGM-G600P,0,0,,옵티컬 테라 골드,128,N,0,,
588,589,스마트폰,lg,g_series,LGM-G600P,0,0,,옵티컬 마린 블루,128,S,0,,
589,590,스마트폰,lg,g_series,LGM-G600P,0,0,,옵티컬 마린 블루,128,A,0,,
590,591,스마트폰,lg,g_series,LGM-G600P,0,0,,옵티컬 마린 블루,128,B,0,,
591,592,스마트폰,lg,g_series,LGM-G600P,0,0,,옵티컬 마린 블루,128,N,0,,
592,593,스마트폰,lg,g_series,LGM-G600P,0,0,,N,128,S,1,Phone85,1
593,594,스마트폰,lg,g_series,LGM-G600P,0,0,,N,128,A,1,Phone85,1
594,595,스마트폰,lg,g_series,LGM-G600P,0,0,,N,128,B,0,,
595,596,스마트폰,lg,g_series,LGM-G600P,0,0,,N,128,N,0,,
596,597,스마트폰,lg,g_series,LGM-G600P,0,0,,옵티컬 아스트로 블랙,N,S,0,,
597,598,스마트폰,lg,g_series,LGM-G600P,0,0,,옵티컬 아스트로 블랙,N,A,0,,
598,599,스마트폰,lg,g_series,LGM-G600P,0,0,,옵티컬 아스트로 블랙,N,B,0,,
599,600,스마트폰,lg,g_series,LGM-G600P,0,0,,옵티컬 아스트로 블랙,N,N,0,,
600,601,스마트폰,lg,g_series,LGM-G600P,0,0,,옵티컬 테라 골드,N,S,0,,
601,602,스마트폰,lg,g_series,LGM-G600P,0,0,,옵티컬 테라 골드,N,A,0,,
602,603,스마트폰,lg,g_series,LGM-G600P,0,0,,옵티컬 테라 골드,N,B,0,,
603,604,스마트폰,lg,g_series,LGM-G600P,0,0,,옵티컬 테라 골드,N,N,0,,
604,605,스마트폰,lg,g_series,LGM-G600P,0,0,,옵티컬 마린 블루,N,S,0,,
605,606,스마트폰,lg,g_series,LGM-G600P,0,0,,옵티컬 마린 블루,N,A,0,,
606,607,스마트폰,lg,g_series,LGM-G600P,0,0,,옵티컬 마린 블루,N,B,0,,
607,608,스마트폰,lg,g_series,LGM-G600P,0,0,,옵티컬 마린 블루,N,N,0,,
608,609,스마트폰,lg,g_series,LGM-G600P,0,0,,N,N,S,2,Phone85,2
609,610,스마트폰,lg,g_series,LGM-G600P,0,0,,N,N,A,2,Phone85,2
610,611,스마트폰,lg,g_series,LGM-G600P,0,0,,N,N,B,0,,
611,612,스마트폰,lg,g_series,LGM-G600P,0,0,,N,N,N,0,,
612,613,스마트폰,lg,g_series,LM-G710,0,0,,뉴 오로라 블랙,64,S,2,bunjang,2
613,614,스마트폰,lg,g_series,LM-G710,0,0,,뉴 오로라 블랙,64,A,0,,
614,615,스마트폰,lg,g_series,LM-G710,0,0,,뉴 오로라 블랙,64,B,1,bunjang,1
615,616,스마트폰,lg,g_series,LM-G710,0,0,,뉴 오로라 블랙,64,N,0,,
616,617,스마트폰,lg,g_series,LM-G710,0,0,,뉴 모로칸 블루,64,S,0,,
617,618,스마트폰,lg,g_series,LM-G710,0,0,,뉴 모로칸 블루,64,A,2,bunjang,2
618,619,스마트폰,lg,g_series,LM-G710,0,0,,뉴 모로칸 블루,64,B,1,bunjang,1
619,620,스마트폰,lg,g_series,LM-G710,0,0,,뉴 모로칸 블루,64,N,0,,
620,621,스마트폰,lg,g_series,LM-G710,0,0,,라즈베리 로즈,64,S,0,,
621,622,스마트폰,lg,g_series,LM-G710,0,0,,라즈베리 로즈,64,A,0,,
622,623,스마트폰,lg,g_series,LM-G710,0,0,,라즈베리 로즈,64,B,3,bunjang,3
623,624,스마트폰,lg,g_series,LM-G710,0,0,,라즈베리 로즈,64,N,0,,
624,625,스마트폰,lg,g_series,LM-G710,0,0,,N,64,S,0,,
625,626,스마트폰,lg,g_series,LM-G710,0,0,,N,64,A,0,,
626,627,스마트폰,lg,g_series,LM-G710,0,0,,N,64,B,1,bunjang,1
627,628,스마트폰,lg,g_series,LM-G710,0,0,,N,64,N,0,,
628,629,스마트폰,lg,g_series,LM-G710,0,0,,뉴 오로라 블랙,N,S,3,coupang,3
629,630,스마트폰,lg,g_series,LM-G710,0,0,,뉴 오로라 블랙,N,A,2,coupang,2
630,631,스마트폰,lg,g_series,LM-G710,0,0,,뉴 오로라 블랙,N,B,3,coupang,3
631,632,스마트폰,lg,g_series,LM-G710,0,0,,뉴 오로라 블랙,N,N,0,,
632,633,스마트폰,lg,g_series,LM-G710,0,0,,뉴 모로칸 블루,N,S,3,coupang,3
633,634,스마트폰,lg,g_series,LM-G710,0,0,,뉴 모로칸 블루,N,A,3,bunjang|coupang,1|2
634,635,스마트폰,lg,g_series,LM-G710,0,0,,뉴 모로칸 블루,N,B,3,coupang,3
635,636,스마트폰,lg,g_series,LM-G710,0,0,,뉴 모로칸 블루,N,N,0,,
636,637,스마트폰,lg,g_series,LM-G710,0,0,,라즈베리 로즈,N,S,0,,
637,638,스마트폰,lg,g_series,LM-G710,0,0,,라즈베리 로즈,N,A,0,,
638,639,스마트폰,lg,g_series,LM-G710,0,0,,라즈베리 로즈,N,B,1,bunjang,1
639,640,스마트폰,lg,g_series,LM-G710,0,0,,라즈베리 로즈,N,N,0,,
640,641,스마트폰,lg,g_series,LM-G710,0,0,,N,N,S,5,coupang,5
641,642,스마트폰,lg,g_series,LM-G710,0,0,,N,N,A,4,bunjang|coupang,1|3
642,643,스마트폰,lg,g_series,LM-G710,0,0,,N,N,B,5,coupang,5
643,644,스마트폰,lg,g_series,LM-G710,0,0,,N,N,N,0,,
644,645,스마트폰,lg,g_series,LM-G710P,0,0,,뉴 오로라 블랙,128,S,0,,
645,646,스마트폰,lg,g_series,LM-G710P,0,0,,뉴 오로라 블랙,128,A,0,,
646,647,스마트폰,lg,g_series,LM-G710P,0,0,,뉴 오로라 블랙,128,B,0,,
647,648,스마트폰,lg,g_series,LM-G710P,0,0,,뉴 오로라 블랙,128,N,0,,
648,649,스마트폰,lg,g_series,LM-G710P,0,0,,뉴 모로칸 블루,128,S,0,,
649,650,스마트폰,lg,g_series,LM-G710P,0,0,,뉴 모로칸 블루,128,A,1,bunjang,1
650,651,스마트폰,lg,g_series,LM-G710P,0,0,,뉴 모로칸 블루,128,B,0,,
651,652,스마트폰,lg,g_series,LM-G710P,0,0,,뉴 모로칸 블루,128,N,0,,
652,653,스마트폰,lg,g_series,LM-G710P,0,0,,라즈베리 로즈,128,S,0,,
653,654,스마트폰,lg,g_series,LM-G710P,0,0,,라즈베리 로즈,128,A,0,,
654,655,스마트폰,lg,g_series,LM-G710P,0,0,,라즈베리 로즈,128,B,0,,
655,656,스마트폰,lg,g_series,LM-G710P,0,0,,라즈베리 로즈,128,N,0,,
656,657,스마트폰,lg,g_series,LM-G710P,0,0,,N,128,S,0,,
657,658,스마트폰,lg,g_series,LM-G710P,0,0,,N,128,A,0,,
658,659,스마트폰,lg,g_series,LM-G710P,0,0,,N,128,B,0,,
659,660,스마트폰,lg,g_series,LM-G710P,0,0,,N,128,N,0,,
660,661,스마트폰,lg,g_series,LM-G710P,0,0,,뉴 오로라 블랙,N,S,0,,
661,662,스마트폰,lg,g_series,LM-G710P,0,0,,뉴 오로라 블랙,N,A,0,,
662,663,스마트폰,lg,g_series,LM-G710P,0,0,,뉴 오로라 블랙,N,B,0,,
663,664,스마트폰,lg,g_series,LM-G710P,0,0,,뉴 오로라 블랙,N,N,0,,
664,665,스마트폰,lg,g_series,LM-G710P,0,0,,뉴 모로칸 블루,N,S,0,,
665,666,스마트폰,lg,g_series,LM-G710P,0,0,,뉴 모로칸 블루,N,A,0,,
666,667,스마트폰,lg,g_series,LM-G710P,0,0,,뉴 모로칸 블루,N,B,0,,
667,668,스마트폰,lg,g_series,LM-G710P,0,0,,뉴 모로칸 블루,N,N,0,,
668,669,스마트폰,lg,g_series,LM-G710P,0,0,,라즈베리 로즈,N,S,0,,
669,670,스마트폰,lg,g_series,LM-G710P,0,0,,라즈베리 로즈,N,A,0,,
670,671,스마트폰,lg,g_series,LM-G710P,0,0,,라즈베리 로즈,N,B,0,,
671,672,스마트폰,lg,g_series,LM-G710P,0,0,,라즈베리 로즈,N,N,0,,
672,673,스마트폰,lg,g_series,LM-G710P,0,0,,N,N,S,2,Phone85,2
673,674,스마트폰,lg,g_series,LM-G710P,0,0,,N,N,A,2,Phone85,2
674,675,스마트폰,lg,g_series,LM-G710P,0,0,,N,N,B,0,,
675,676,스마트폰,lg,g_series,LM-G710P,0,0,,N,N,N,0,,
676,677,스마트폰,lg,g_series,LM-G820,0,0,,뉴 오로라 블랙,128,S,0,,
677,678,스마트폰,lg,g_series,LM-G820,0,0,,뉴 오로라 블랙,128,A,1,bunjang,1
678,679,스마트폰,lg,g_series,LM-G820,0,0,,뉴 오로라 블랙,128,B,2,bunjang,2
679,680,스마트폰,lg,g_series,LM-G820,0,0,,뉴 오로라 블랙,128,N,0,,
680,681,스마트폰,lg,g_series,LM-G820,0,0,,뉴 모로칸 블루,128,S,0,,
681,682,스마트폰,lg,g_series,LM-G820,0,0,,뉴 모로칸 블루,128,A,0,,
682,683,스마트폰,lg,g_series,LM-G820,0,0,,뉴 모로칸 블루,128,B,3,bunjang,3
683,684,스마트폰,lg,g_series,LM-G820,0,0,,뉴 모로칸 블루,128,N,0,,
684,685,스마트폰,lg,g_series,LM-G820,0,0,,카민 레드,128,S,0,,
685,686,스마트폰,lg,g_series,LM-G820,0,0,,카민 레드,128,A,1,bunjang,1
686,687,스마트폰,lg,g_series,LM-G820,0,0,,카민 레드,128,B,2,bunjang,2
687,688,스마트폰,lg,g_series,LM-G820,0,0,,카민 레드,128,N,0,,
688,689,스마트폰,lg,g_series,LM-G820,0,0,,N,128,S,0,,
689,690,스마트폰,lg,g_series,LM-G820,0,0,,N,128,A,0,,
690,691,스마트폰,lg,g_series,LM-G820,0,0,,N,128,B,0,,
691,692,스마트폰,lg,g_series,LM-G820,0,0,,N,128,N,0,,
692,693,스마트폰,lg,g_series,LM-G820,0,0,,뉴 오로라 블랙,N,S,3,coupang,3
693,694,스마트폰,lg,g_series,LM-G820,0,0,,뉴 오로라 블랙,N,A,3,coupang,3
694,695,스마트폰,lg,g_series,LM-G820,0,0,,뉴 오로라 블랙,N,B,3,bunjang|coupang,1|2
695,696,스마트폰,lg,g_series,LM-G820,0,0,,뉴 오로라 블랙,N,N,0,,
696,697,스마트폰,lg,g_series,LM-G820,0,0,,뉴 모로칸 블루,N,S,3,coupang,3
697,698,스마트폰,lg,g_series,LM-G820,0,0,,뉴 모로칸 블루,N,A,3,coupang,3
698,699,스마트폰,lg,g_series,LM-G820,0,0,,뉴 모로칸 블루,N,B,2,coupang,2
699,700,스마트폰,lg,g_series,LM-G820,0,0,,뉴 모로칸 블루,N,N,0,,
700,701,스마트폰,lg,g_series,LM-G820,0,0,,카민 레드,N,S,3,coupang,3
701,702,스마트폰,lg,g_series,LM-G820,0,0,,카민 레드,N,A,3,coupang,3
702,703,스마트폰,lg,g_series,LM-G820,0,0,,카민 레드,N,B,2,coupang,2
703,704,스마트폰,lg,g_series,LM-G820,0,0,,카민 레드,N,N,0,,
704,705,스마트폰,lg,g_series,LM-G820,0,0,,N,N,S,3,coupang,3
705,706,스마트폰,lg,g_series,LM-G820,0,0,,N,N,A,3,coupang,3
706,707,스마트폰,lg,g_series,LM-G820,0,0,,N,N,B,2,coupang,2
707,708,스마트폰,lg,g_series,LM-G820,0,0,,N,N,N,0,,
708,709,스마트폰,samsung,a_series,SHW-M100,0,0,,블랙,8,S,0,,
709,710,스마트폰,samsung,a_series,SHW-M100,0,0,,블랙,8,A,0,,
710,711,스마트폰,samsung,a_series,SHW-M100,0,0,,블랙,8,B,0,,
711,712,스마트폰,samsung,a_series,SHW-M100,0,0,,블랙,8,N,0,,
712,713,스마트폰,samsung,a_series,SHW-M100,0,0,,N,8,S,0,,
713,714,스마트폰,samsung,a_series,SHW-M100,0,0,,N,8,A,0,,
714,715,스마트폰,samsung,a_series,SHW-M100,0,0,,N,8,B,0,,
715,716,스마트폰,samsung,a_series,SHW-M100,0,0,,N,8,N,0,,
716,717,스마트폰,samsung,a_series,SHW-M100,0,0,,블랙,N,S,0,,
717,718,스마트폰,samsung,a_series,SHW-M100,0,0,,블랙,N,A,0,,
718,719,스마트폰,samsung,a_series,SHW-M100,0,0,,블랙,N,B,0,,
719,720,스마트폰,samsung,a_series,SHW-M100,0,0,,블랙,N,N,0,,
720,721,스마트폰,samsung,a_series,SHW-M100,0,0,,N,N,S,1,coupang,1
721,722,스마트폰,samsung,a_series,SHW-M100,0,0,,N,N,A,9,bunjang|coupang,5|4
722,723,스마트폰,samsung,a_series,SHW-M100,0,0,,N,N,B,22,bunjang|coupang|Phone85,4|2|16
723,724,스마트폰,samsung,a_series,SHW-M100,0,0,,N,N,N,0,,
724,725,스마트폰,samsung,a_series,SM-A716,0,0,,프리즘 큐브 블랙,128,S,0,,
725,726,스마트폰,samsung,a_series,SM-A716,0,0,,프리즘 큐브 블랙,128,A,0,,
726,727,스마트폰,samsung,a_series,SM-A716,0,0,,프리즘 큐브 블랙,128,B,1,bunjang,1
727,728,스마트폰,samsung,a_series,SM-A716,0,0,,프리즘 큐브 블랙,128,N,0,,
728,729,스마트폰,samsung,a_series,SM-A716,0,0,,프리즘 큐브 실버,128,S,0,,
729,730,스마트폰,samsung,a_series,SM-A716,0,0,,프리즘 큐브 실버,128,A,0,,
730,731,스마트폰,samsung,a_series,SM-A716,0,0,,프리즘 큐브 실버,128,B,0,,
731,732,스마트폰,samsung,a_series,SM-A716,0,0,,프리즘 큐브 실버,128,N,0,,
732,733,스마트폰,samsung,a_series,SM-A716,0,0,,프리즘 큐브 블루,128,S,0,,
733,734,스마트폰,samsung,a_series,SM-A716,0,0,,프리즘 큐브 블루,128,A,0,,
734,735,스마트폰,samsung,a_series,SM-A716,0,0,,프리즘 큐브 블루,128,B,0,,
735,736,스마트폰,samsung,a_series,SM-A716,0,0,,프리즘 큐브 블루,128,N,0,,
736,737,스마트폰,samsung,a_series,SM-A716,0,0,,N,128,S,0,,
737,738,스마트폰,samsung,a_series,SM-A716,0,0,,N,128,A,0,,
738,739,스마트폰,samsung,a_series,SM-A716,0,0,,N,128,B,0,,
739,740,스마트폰,samsung,a_series,SM-A716,0,0,,N,128,N,0,,
740,741,스마트폰,samsung,a_series,SM-A716,0,0,,프리즘 큐브 블랙,N,S,1,coupang,1
741,742,스마트폰,samsung,a_series,SM-A716,0,0,,프리즘 큐브 블랙,N,A,0,,
742,743,스마트폰,samsung,a_series,SM-A716,0,0,,프리즘 큐브 블랙,N,B,2,bunjang|coupang,1|1
743,744,스마트폰,samsung,a_series,SM-A716,0,0,,프리즘 큐브 블랙,N,N,0,,
744,745,스마트폰,samsung,a_series,SM-A716,0,0,,프리즘 큐브 실버,N,S,1,coupang,1
745,746,스마트폰,samsung,a_series,SM-A716,0,0,,프리즘 큐브 실버,N,A,0,,
746,747,스마트폰,samsung,a_series,SM-A716,0,0,,프리즘 큐브 실버,N,B,0,,
747,748,스마트폰,samsung,a_series,SM-A716,0,0,,프리즘 큐브 실버,N,N,0,,
748,749,스마트폰,samsung,a_series,SM-A716,0,0,,프리즘 큐브 블루,N,S,0,,
749,750,스마트폰,samsung,a_series,SM-A716,0,0,,프리즘 큐브 블루,N,A,0,,
750,751,스마트폰,samsung,a_series,SM-A716,0,0,,프리즘 큐브 블루,N,B,0,,
751,752,스마트폰,samsung,a_series,SM-A716,0,0,,프리즘 큐브 블루,N,N,0,,
752,753,스마트폰,samsung,a_series,SM-A716,0,0,,N,N,S,0,,
753,754,스마트폰,samsung,a_series,SM-A716,0,0,,N,N,A,2,bunjang,2
754,755,스마트폰,samsung,a_series,SM-A716,0,0,,N,N,B,19,bunjang|coupang|Phone85,2|1|16
755,756,스마트폰,samsung,a_series,SM-A716,0,0,,N,N,N,0,,
756,757,스마트폰,samsung,a_series,SM-A102,0,0,,블랙,32,S,0,,
757,758,스마트폰,samsung,a_series,SM-A102,0,0,,블랙,32,A,0,,
758,759,스마트폰,samsung,a_series,SM-A102,0,0,,블랙,32,B,0,,
759,760,스마트폰,samsung,a_series,SM-A102,0,0,,블랙,32,N,0,,
760,761,스마트폰,samsung,a_series,SM-A102,0,0,,화이트,32,S,0,,
761,762,스마트폰,samsung,a_series,SM-A102,0,0,,화이트,32,A,0,,
762,763,스마트폰,samsung,a_series,SM-A102,0,0,,화이트,32,B,0,,
763,764,스마트폰,samsung,a_series,SM-A102,0,0,,화이트,32,N,0,,
764,765,스마트폰,samsung,a_series,SM-A102,0,0,,N,32,S,0,,
765,766,스마트폰,samsung,a_series,SM-A102,0,0,,N,32,A,0,,
766,767,스마트폰,samsung,a_series,SM-A102,0,0,,N,32,B,0,,
767,768,스마트폰,samsung,a_series,SM-A102,0,0,,N,32,N,0,,
768,769,스마트폰,samsung,a_series,SM-A102,0,0,,블랙,N,S,1,coupang,1
769,770,스마트폰,samsung,a_series,SM-A102,0,0,,블랙,N,A,1,coupang,1
770,771,스마트폰,samsung,a_series,SM-A102,0,0,,블랙,N,B,0,,
771,772,스마트폰,samsung,a_series,SM-A102,0,0,,블랙,N,N,0,,
772,773,스마트폰,samsung,a_series,SM-A102,0,0,,화이트,N,S,1,coupang,1
773,774,스마트폰,samsung,a_series,SM-A102,0,0,,화이트,N,A,1,coupang,1
774,775,스마트폰,samsung,a_series,SM-A102,0,0,,화이트,N,B,1,bunjang,1
775,776,스마트폰,samsung,a_series,SM-A102,0,0,,화이트,N,N,0,,
776,777,스마트폰,samsung,a_series,SM-A102,0,0,,N,N,S,1,coupang,1
777,778,스마트폰,samsung,a_series,SM-A102,0,0,,N,N,A,1,coupang,1
778,779,스마트폰,samsung,a_series,SM-A102,0,0,,N,N,B,0,,
779,780,스마트폰,samsung,a_series,SM-A102,0,0,,N,N,N,0,,
780,781,스마트폰,samsung,a_series,SM-A125,0,0,,블랙,32,S,0,,
781,782,스마트폰,samsung,a_series,SM-A125,0,0,,블랙,32,A,0,,
782,783,스마트폰,samsung,a_series,SM-A125,0,0,,블랙,32,B,0,,
783,784,스마트폰,samsung,a_series,SM-A125,0,0,,블랙,32,N,0,,
784,785,스마트폰,samsung,a_series,SM-A125,0,0,,화이트,32,S,1,bunjang,1
785,786,스마트폰,samsung,a_series,SM-A125,0,0,,화이트,32,A,0,,
786,787,스마트폰,samsung,a_series,SM-A125,0,0,,화이트,32,B,0,,
787,788,스마트폰,samsung,a_series,SM-A125,0,0,,화이트,32,N,0,,
788,789,스마트폰,samsung,a_series,SM-A125,0,0,,N,32,S,0,,
789,790,스마트폰,samsung,a_series,SM-A125,0,0,,N,32,A,0,,
790,791,스마트폰,samsung,a_series,SM-A125,0,0,,N,32,B,0,,
791,792,스마트폰,samsung,a_series,SM-A125,0,0,,N,32,N,0,,
792,793,스마트폰,samsung,a_series,SM-A125,0,0,,블랙,N,S,0,,
793,794,스마트폰,samsung,a_series,SM-A125,0,0,,블랙,N,A,0,,
794,795,스마트폰,samsung,a_series,SM-A125,0,0,,블랙,N,B,0,,
795,796,스마트폰,samsung,a_series,SM-A125,0,0,,블랙,N,N,0,,
796,797,스마트폰,samsung,a_series,SM-A125,0,0,,화이트,N,S,0,,
797,798,스마트폰,samsung,a_series,SM-A125,0,0,,화이트,N,A,0,,
798,799,스마트폰,samsung,a_series,SM-A125,0,0,,화이트,N,B,0,,
799,800,스마트폰,samsung,a_series,SM-A125,0,0,,화이트,N,N,0,,
800,801,스마트폰,samsung,a_series,SM-A125,0,0,,N,N,S,0,,
801,802,스마트폰,samsung,a_series,SM-A125,0,0,,N,N,A,0,,
802,803,스마트폰,samsung,a_series,SM-A125,0,0,,N,N,B,0,,
803,804,스마트폰,samsung,a_series,SM-A125,0,0,,N,N,N,0,,
804,805,스마트폰,samsung,a_series,SM-A300,0,0,,블랙,16,S,0,,
805,806,스마트폰,samsung,a_series,SM-A300,0,0,,블랙,16,A,0,,
806,807,스마트폰,samsung,a_series,SM-A300,0,0,,블랙,16,B,0,,
807,808,스마트폰,samsung,a_series,SM-A300,0,0,,블랙,16,N,0,,
808,809,스마트폰,samsung,a_series,SM-A300,0,0,,블루,16,S,0,,
809,810,스마트폰,samsung,a_series,SM-A300,0,0,,블루,16,A,0,,
810,811,스마트폰,samsung,a_series,SM-A300,0,0,,블루,16,B,0,,
811,812,스마트폰,samsung,a_series,SM-A300,0,0,,블루,16,N,0,,
812,813,스마트폰,samsung,a_series,SM-A300,0,0,,골드,16,S,0,,
813,814,스마트폰,samsung,a_series,SM-A300,0,0,,골드,16,A,0,,
814,815,스마트폰,samsung,a_series,SM-A300,0,0,,골드,16,B,0,,
815,816,스마트폰,samsung,a_series,SM-A300,0,0,,골드,16,N,0,,
816,817,스마트폰,samsung,a_series,SM-A300,0,0,,N,16,S,0,,
817,818,스마트폰,samsung,a_series,SM-A300,0,0,,N,16,A,0,,
818,819,스마트폰,samsung,a_series,SM-A300,0,0,,N,16,B,0,,
819,820,스마트폰,samsung,a_series,SM-A300,0,0,,N,16,N,0,,
820,821,스마트폰,samsung,a_series,SM-A300,0,0,,블랙,N,S,0,,
821,822,스마트폰,samsung,a_series,SM-A300,0,0,,블랙,N,A,0,,
822,823,스마트폰,samsung,a_series,SM-A300,0,0,,블랙,N,B,0,,
823,824,스마트폰,samsung,a_series,SM-A300,0,0,,블랙,N,N,0,,
824,825,스마트폰,samsung,a_series,SM-A300,0,0,,블루,N,S,0,,
825,826,스마트폰,samsung,a_series,SM-A300,0,0,,블루,N,A,0,,
826,827,스마트폰,samsung,a_series,SM-A300,0,0,,블루,N,B,0,,
827,828,스마트폰,samsung,a_series,SM-A300,0,0,,블루,N,N,0,,
828,829,스마트폰,samsung,a_series,SM-A300,0,0,,골드,N,S,0,,
829,830,스마트폰,samsung,a_series,SM-A300,0,0,,골드,N,A,0,,
830,831,스마트폰,samsung,a_series,SM-A300,0,0,,골드,N,B,8,Phone85,8
831,832,스마트폰,samsung,a_series,SM-A300,0,0,,골드,N,N,0,,
832,833,스마트폰,samsung,a_series,SM-A300,0,0,,N,N,S,0,,
833,834,스마트폰,samsung,a_series,SM-A300,0,0,,N,N,A,0,,
834,835,스마트폰,samsung,a_series,SM-A300,0,0,,N,N,B,0,,
835,836,스마트폰,samsung,a_series,SM-A300,0,0,,N,N,N,0,,
836,837,스마트폰,samsung,a_series,SM-A310,0,0,,블랙,16,S,0,,
837,838,스마트폰,samsung,a_series,SM-A310,0,0,,블랙,16,A,0,,
838,839,스마트폰,samsung,a_series,SM-A310,0,0,,블랙,16,B,0,,
839,840,스마트폰,samsung,a_series,SM-A310,0,0,,블랙,16,N,0,,
840,841,스마트폰,samsung,a_series,SM-A310,0,0,,핑크 골드,16,S,0,,
841,842,스마트폰,samsung,a_series,SM-A310,0,0,,핑크 골드,16,A,0,,
842,843,스마트폰,samsung,a_series,SM-A310,0,0,,핑크 골드,16,B,0,,
843,844,스마트폰,samsung,a_series,SM-A310,0,0,,핑크 골드,16,N,0,,
844,845,스마트폰,samsung,a_series,SM-A310,0,0,,화이트,16,S,0,,
845,846,스마트폰,samsung,a_series,SM-A310,0,0,,화이트,16,A,0,,
846,847,스마트폰,samsung,a_series,SM-A310,0,0,,화이트,16,B,0,,
847,848,스마트폰,samsung,a_series,SM-A310,0,0,,화이트,16,N,0,,
848,849,스마트폰,samsung,a_series,SM-A310,0,0,,골드,16,S,0,,
849,850,스마트폰,samsung,a_series,SM-A310,0,0,,골드,16,A,0,,
850,851,스마트폰,samsung,a_series,SM-A310,0,0,,골드,16,B,0,,
851,852,스마트폰,samsung,a_series,SM-A310,0,0,,골드,16,N,0,,
852,853,스마트폰,samsung,a_series,SM-A310,0,0,,N,16,S,0,,
853,854,스마트폰,samsung,a_series,SM-A310,0,0,,N,16,A,0,,
854,855,스마트폰,samsung,a_series,SM-A310,0,0,,N,16,B,0,,
855,856,스마트폰,samsung,a_series,SM-A310,0,0,,N,16,N,0,,
856,857,스마트폰,samsung,a_series,SM-A310,0,0,,블랙,N,S,0,,
857,858,스마트폰,samsung,a_series,SM-A310,0,0,,블랙,N,A,0,,
858,859,스마트폰,samsung,a_series,SM-A310,0,0,,블랙,N,B,0,,
859,860,스마트폰,samsung,a_series,SM-A310,0,0,,블랙,N,N,0,,
860,861,스마트폰,samsung,a_series,SM-A310,0,0,,핑크 골드,N,S,0,,
861,862,스마트폰,samsung,a_series,SM-A310,0,0,,핑크 골드,N,A,0,,
862,863,스마트폰,samsung,a_series,SM-A310,0,0,,핑크 골드,N,B,0,,
863,864,스마트폰,samsung,a_series,SM-A310,0,0,,핑크 골드,N,N,0,,
864,865,스마트폰,samsung,a_series,SM-A310,0,0,,화이트,N,S,0,,
865,866,스마트폰,samsung,a_series,SM-A310,0,0,,화이트,N,A,0,,
866,867,스마트폰,samsung,a_series,SM-A310,0,0,,화이트,N,B,0,,
867,868,스마트폰,samsung,a_series,SM-A310,0,0,,화이트,N,N,0,,
868,869,스마트폰,samsung,a_series,SM-A310,0,0,,골드,N,S,0,,
869,870,스마트폰,samsung,a_series,SM-A310,0,0,,골드,N,A,0,,
870,871,스마트폰,samsung,a_series,SM-A310,0,0,,골드,N,B,0,,
871,872,스마트폰,samsung,a_series,SM-A310,0,0,,골드,N,N,0,,
872,873,스마트폰,samsung,a_series,SM-A310,0,0,,N,N,S,0,,
873,874,스마트폰,samsung,a_series,SM-A310,0,0,,N,N,A,0,,
874,875,스마트폰,samsung,a_series,SM-A310,0,0,,N,N,B,0,,
875,876,스마트폰,samsung,a_series,SM-A310,0,0,,N,N,N,0,,
876,877,스마트폰,samsung,a_series,SM-A305,0,0,,블랙,32,S,0,,
877,878,스마트폰,samsung,a_series,SM-A305,0,0,,블랙,32,A,0,,
878,879,스마트폰,samsung,a_series,SM-A305,0,0,,블랙,32,B,5,bunjang,5
879,880,스마트폰,samsung,a_series,SM-A305,0,0,,블랙,32,N,0,,
880,881,스마트폰,samsung,a_series,SM-A305,0,0,,화이트,32,S,0,,
881,882,스마트폰,samsung,a_series,SM-A305,0,0,,화이트,32,A,3,bunjang,3
882,883,스마트폰,samsung,a_series,SM-A305,0,0,,화이트,32,B,1,naver,1
883,884,스마트폰,samsung,a_series,SM-A305,0,0,,화이트,32,N,0,,
884,885,스마트폰,samsung,a_series,SM-A305,0,0,,블루,32,S,0,,
885,886,스마트폰,samsung,a_series,SM-A305,0,0,,블루,32,A,0,,
886,887,스마트폰,samsung,a_series,SM-A305,0,0,,블루,32,B,0,,
887,888,스마트폰,samsung,a_series,SM-A305,0,0,,블루,32,N,0,,
888,889,스마트폰,samsung,a_series,SM-A305,0,0,,N,32,S,0,,
889,890,스마트폰,samsung,a_series,SM-A305,0,0,,N,32,A,0,,
890,891,스마트폰,samsung,a_series,SM-A305,0,0,,N,32,B,0,,
891,892,스마트폰,samsung,a_series,SM-A305,0,0,,N,32,N,0,,
892,893,스마트폰,samsung,a_series,SM-A305,0,0,,블랙,N,S,3,coupang,3
893,894,스마트폰,samsung,a_series,SM-A305,0,0,,블랙,N,A,3,coupang,3
894,895,스마트폰,samsung,a_series,SM-A305,0,0,,블랙,N,B,5,coupang,5
895,896,스마트폰,samsung,a_series,SM-A305,0,0,,블랙,N,N,0,,
896,897,스마트폰,samsung,a_series,SM-A305,0,0,,화이트,N,S,3,coupang,3
897,898,스마트폰,samsung,a_series,SM-A305,0,0,,화이트,N,A,3,coupang,3
898,899,스마트폰,samsung,a_series,SM-A305,0,0,,화이트,N,B,4,coupang,4
899,900,스마트폰,samsung,a_series,SM-A305,0,0,,화이트,N,N,0,,
900,901,스마트폰,samsung,a_series,SM-A305,0,0,,블루,N,S,0,,
901,902,스마트폰,samsung,a_series,SM-A305,0,0,,블루,N,A,0,,
902,903,스마트폰,samsung,a_series,SM-A305,0,0,,블루,N,B,0,,
903,904,스마트폰,samsung,a_series,SM-A305,0,0,,블루,N,N,0,,
904,905,스마트폰,samsung,a_series,SM-A305,0,0,,N,N,S,5,coupang,5
905,906,스마트폰,samsung,a_series,SM-A305,0,0,,N,N,A,6,bunjang|coupang,1|5
906,907,스마트폰,samsung,a_series,SM-A305,0,0,,N,N,B,6,coupang|naver,5|1
907,908,스마트폰,samsung,a_series,SM-A305,0,0,,N,N,N,0,,
908,909,스마트폰,samsung,a_series,SM-A315,0,0,,프리즘 크러시 블랙,64,S,0,,
909,910,스마트폰,samsung,a_series,SM-A315,0,0,,프리즘 크러시 블랙,64,A,3,bunjang|naver,2|1
910,911,스마트폰,samsung,a_series,SM-A315,0,0,,프리즘 크러시 블랙,64,B,2,bunjang,2
911,912,스마트폰,samsung,a_series,SM-A315,0,0,,프리즘 크러시 블랙,64,N,0,,
912,913,스마트폰,samsung,a_series,SM-A315,0,0,,프리즘 크러시 화이트,64,S,2,bunjang|naver,1|1
913,914,스마트폰,samsung,a_series,SM-A315,0,0,,프리즘 크러시 화이트,64,A,0,,
914,915,스마트폰,samsung,a_series,SM-A315,0,0,,프리즘 크러시 화이트,64,B,2,bunjang,2
915,916,스마트폰,samsung,a_series,SM-A315,0,0,,프리즘 크러시 화이트,64,N,0,,
916,917,스마트폰,samsung,a_series,SM-A315,0,0,,프리즘 크러시 블루,64,S,1,naver,1
917,918,스마트폰,samsung,a_series,SM-A315,0,0,,프리즘 크러시 블루,64,A,0,,
918,919,스마트폰,samsung,a_series,SM-A315,0,0,,프리즘 크러시 블루,64,B,1,bunjang,1
919,920,스마트폰,samsung,a_series,SM-A315,0,0,,프리즘 크러시 블루,64,N,0,,
920,921,스마트폰,samsung,a_series,SM-A315,0,0,,N,64,S,0,,
921,922,스마트폰,samsung,a_series,SM-A315,0,0,,N,64,A,1,bunjang,1
922,923,스마트폰,samsung,a_series,SM-A315,0,0,,N,64,B,1,coupang,1
923,924,스마트폰,samsung,a_series,SM-A315,0,0,,N,64,N,0,,
924,925,스마트폰,samsung,a_series,SM-A315,0,0,,프리즘 크러시 블랙,128,S,0,,
925,926,스마트폰,samsung,a_series,SM-A315,0,0,,프리즘 크러시 블랙,128,A,0,,
926,927,스마트폰,samsung,a_series,SM-A315,0,0,,프리즘 크러시 블랙,128,B,0,,
927,928,스마트폰,samsung,a_series,SM-A315,0,0,,프리즘 크러시 블랙,128,N,0,,
928,929,스마트폰,samsung,a_series,SM-A315,0,0,,프리즘 크러시 화이트,128,S,0,,
929,930,스마트폰,samsung,a_series,SM-A315,0,0,,프리즘 크러시 화이트,128,A,0,,
930,931,스마트폰,samsung,a_series,SM-A315,0,0,,프리즘 크러시 화이트,128,B,0,,
931,932,스마트폰,samsung,a_series,SM-A315,0,0,,프리즘 크러시 화이트,128,N,0,,
932,933,스마트폰,samsung,a_series,SM-A315,0,0,,프리즘 크러시 블루,128,S,0,,
933,934,스마트폰,samsung,a_series,SM-A315,0,0,,프리즘 크러시 블루,128,A,0,,
934,935,스마트폰,samsung,a_series,SM-A315,0,0,,프리즘 크러시 블루,128,B,0,,
935,936,스마트폰,samsung,a_series,SM-A315,0,0,,프리즘 크러시 블루,128,N,0,,
936,937,스마트폰,samsung,a_series,SM-A315,0,0,,N,128,S,0,,
937,938,스마트폰,samsung,a_series,SM-A315,0,0,,N,128,A,0,,
938,939,스마트폰,samsung,a_series,SM-A315,0,0,,N,128,B,0,,
939,940,스마트폰,samsung,a_series,SM-A315,0,0,,N,128,N,0,,
940,941,스마트폰,samsung,a_series,SM-A315,0,0,,프리즘 크러시 블랙,N,S,1,coupang,1
941,942,스마트폰,samsung,a_series,SM-A315,0,0,,프리즘 크러시 블랙,N,A,2,bunjang|coupang,1|1
942,943,스마트폰,samsung,a_series,SM-A315,0,0,,프리즘 크러시 블랙,N,B,4,bunjang|coupang,2|2
943,944,스마트폰,samsung,a_series,SM-A315,0,0,,프리즘 크러시 블랙,N,N,0,,
944,945,스마트폰,samsung,a_series,SM-A315,0,0,,프리즘 크러시 화이트,N,S,1,coupang,1
945,946,스마트폰,samsung,a_series,SM-A315,0,0,,프리즘 크러시 화이트,N,A,1,coupang,1
946,947,스마트폰,samsung,a_series,SM-A315,0,0,,프리즘 크러시 화이트,N,B,3,coupang|naver,2|1
947,948,스마트폰,samsung,a_series,SM-A315,0,0,,프리즘 크러시 화이트,N,N,0,,
948,949,스마트폰,samsung,a_series,SM-A315,0,0,,프리즘 크러시 블루,N,S,1,coupang,1
949,950,스마트폰,samsung,a_series,SM-A315,0,0,,프리즘 크러시 블루,N,A,1,coupang,1
950,951,스마트폰,samsung,a_series,SM-A315,0,0,,프리즘 크러시 블루,N,B,1,coupang,1
951,952,스마트폰,samsung,a_series,SM-A315,0,0,,프리즘 크러시 블루,N,N,0,,
952,953,스마트폰,samsung,a_series,SM-A315,0,0,,N,N,S,0,,
953,954,스마트폰,samsung,a_series,SM-A315,0,0,,N,N,A,0,,
954,955,스마트폰,samsung,a_series,SM-A315,0,0,,N,N,B,0,,
955,956,스마트폰,samsung,a_series,SM-A315,0,0,,N,N,N,0,,
956,957,스마트폰,samsung,a_series,SM-A405,0,0,,블랙,64,S,0,,
957,958,스마트폰,samsung,a_series,SM-A405,0,0,,블랙,64,A,0,,
958,959,스마트폰,samsung,a_series,SM-A405,0,0,,블랙,64,B,1,bunjang,1
959,960,스마트폰,samsung,a_series,SM-A405,0,0,,블랙,64,N,0,,
960,961,스마트폰,samsung,a_series,SM-A405,0,0,,화이트,64,S,0,,
961,962,스마트폰,samsung,a_series,SM-A405,0,0,,화이트,64,A,0,,
962,963,스마트폰,samsung,a_series,SM-A405,0,0,,화이트,64,B,1,bunjang,1
963,964,스마트폰,samsung,a_series,SM-A405,0,0,,화이트,64,N,0,,
964,965,스마트폰,samsung,a_series,SM-A405,0,0,,코랄,64,S,0,,
965,966,스마트폰,samsung,a_series,SM-A405,0,0,,코랄,64,A,0,,
966,967,스마트폰,samsung,a_series,SM-A405,0,0,,코랄,64,B,0,,
967,968,스마트폰,samsung,a_series,SM-A405,0,0,,코랄,64,N,0,,
968,969,스마트폰,samsung,a_series,SM-A405,0,0,,블루,64,S,0,,
969,970,스마트폰,samsung,a_series,SM-A405,0,0,,블루,64,A,1,bunjang,1
970,971,스마트폰,samsung,a_series,SM-A405,0,0,,블루,64,B,1,naver,1
971,972,스마트폰,samsung,a_series,SM-A405,0,0,,블루,64,N,0,,
972,973,스마트폰,samsung,a_series,SM-A405,0,0,,N,64,S,0,,
973,974,스마트폰,samsung,a_series,SM-A405,0,0,,N,64,A,0,,
974,975,스마트폰,samsung,a_series,SM-A405,0,0,,N,64,B,0,,
975,976,스마트폰,samsung,a_series,SM-A405,0,0,,N,64,N,0,,
976,977,스마트폰,samsung,a_series,SM-A405,0,0,,블랙,N,S,2,coupang,2
977,978,스마트폰,samsung,a_series,SM-A405,0,0,,블랙,N,A,2,coupang,2
978,979,스마트폰,samsung,a_series,SM-A405,0,0,,블랙,N,B,1,coupang,1
979,980,스마트폰,samsung,a_series,SM-A405,0,0,,블랙,N,N,0,,
980,981,스마트폰,samsung,a_series,SM-A405,0,0,,화이트,N,S,2,coupang,2
981,982,스마트폰,samsung,a_series,SM-A405,0,0,,화이트,N,A,2,coupang,2
982,983,스마트폰,samsung,a_series,SM-A405,0,0,,화이트,N,B,1,coupang,1
983,984,스마트폰,samsung,a_series,SM-A405,0,0,,화이트,N,N,0,,
984,985,스마트폰,samsung,a_series,SM-A405,0,0,,코랄,N,S,0,,
985,986,스마트폰,samsung,a_series,SM-A405,0,0,,코랄,N,A,0,,
986,987,스마트폰,samsung,a_series,SM-A405,0,0,,코랄,N,B,0,,
987,988,스마트폰,samsung,a_series,SM-A405,0,0,,코랄,N,N,0,,
988,989,스마트폰,samsung,a_series,SM-A405,0,0,,블루,N,S,2,coupang,2
989,990,스마트폰,samsung,a_series,SM-A405,0,0,,블루,N,A,2,coupang,2
990,991,스마트폰,samsung,a_series,SM-A405,0,0,,블루,N,B,1,coupang,1
991,992,스마트폰,samsung,a_series,SM-A405,0,0,,블루,N,N,0,,
992,993,스마트폰,samsung,a_series,SM-A405,0,0,,N,N,S,1,coupang,1
993,994,스마트폰,samsung,a_series,SM-A405,0,0,,N,N,A,1,coupang,1
994,995,스마트폰,samsung,a_series,SM-A405,0,0,,N,N,B,1,coupang,1
995,996,스마트폰,samsung,a_series,SM-A405,0,0,,N,N,N,0,,
996,997,스마트폰,samsung,a_series,SM-A500,0,0,,미드나잇 블랙,16,S,0,,
997,998,스마트폰,samsung,a_series,SM-A500,0,0,,미드나잇 블랙,16,A,0,,
998,999,스마트폰,samsung,a_series,SM-A500,0,0,,미드나잇 블랙,16,B,0,,
999,1000,스마트폰,samsung,a_series,SM-A500,0,0,,미드나잇 블랙,16,N,0,,
